Workbook

Sheet Lead_Data
A1: Lead ID | B1: Signup Date | C1: Owner | D1: Contact Stage | E1: First Shipment Booked Date | F1: Marketing Lead Source | G1: Monthly Order Volume | H1: Convert Flag | I1: Owner Team | J1: Handoff Check
A2: Lead_001 | B2: 46207.58 | C2: FILT_E | D2: Follow Up | F2: Google Paid | G2: 1-100 | H2: =IF(OR(E2<>"",D2="Verified", D2="Service Done"),1,0) -> 0 | I2: =_xlfn.XLOOKUP(C2,Team_Legend!A:A,Team_Legend!B:B,"",0) -> Filteration | J2: =IF(H2=1,IF(I2="Sales","OK","Converted - Owner not Sales"),"")
A3: Lead_002 | B3: 46192.37 | C3: FILT_G | D3: Not Eligible Yet | F3: Facebook | G3: 1-100 | H3: =IF(OR(E3<>"",D3="Verified", D3="Service Done"),1,0) -> 0 | I3: =_xlfn.XLOOKUP(C3,Team_Legend!A:A,Team_Legend!B:B,"",0) -> Filteration | J3: =IF(H3=1,IF(I3="Sales","OK","Converted - Owner not Sales"),"")
A4: Lead_003 | B4: 46203.958 | C4: FILT_F | D4: Uncontactable | F4: Google Paid | G4: Just starting out | H4: =IF(OR(E4<>"",D4="Verified", D4="Service Done"),1,0) -> 0 | I4: =_xlfn.XLOOKUP(C4,Team_Legend!A:A,Team_Legend!B:B,"",0) -> Filteration | J4: =IF(H4=1,IF(I4="Sales","OK","Converted - Owner not Sales"),"")
A5: Lead_004 | B5: 46202.404 | C5: FILT_C | D5: Document & Details Pending | F5: Organic | G5: 100-300 | H5: =IF(OR(E5<>"",D5="Verified", D5="Service Done"),1,0) -> 0 | I5: =_xlfn.XLOOKUP(C5,Team_Legend!A:A,Team_Legend!B:B,"",0) -> Filteration | J5: =IF(H5=1,IF(I5="Sales","OK","Converted - Owner not Sales"),"")
A6: Lead_005 | B6: 46208.58 | C6: FILT_G | D6: Not Connected | F6: App | G6: 100-300 | H6: =IF(OR(E6<>"",D6="Verified", D6="Service Done"),1,0) -> 0 | I6: =_xlfn.XLOOKUP(C6,Team_Legend!A:A,Team_Legend!B:B,"",0) -> Filteration | J6: =IF(H6=1,IF(I6="Sales","OK","Converted - Owner not Sales"),"")
A7: Lead_006 | B7: 46198.813 | C7: FILT_A | D7: Follow-up in Future | F7: Google Paid | G7: 300-500 | H7: =IF(OR(E7<>"",D7="Verified", D7="Service Done"),1,0) -> 0 | I7: =_xlfn.XLOOKUP(C7,Team_Legend!A:A,Team_Legend!B:B,"",0) -> Filteration | J7: =IF(H7=1,IF(I7="Sales","OK","Converted - Owner not Sales"),"")
A8: Lead_007 | B8: 46207.521 | C8: FILT_A | D8: Uncontactable | F8: Google Paid | G8: 1-100 | H8: =IF(OR(E8<>"",D8="Verified", D8="Service Done"),1,0) -> 0 | I8: =_xlfn.XLOOKUP(C8,Team_Legend!A:A,Team_Legend!B:B,"",0) -> Filteration | J8: =IF(H8=1,IF(I8="Sales","OK","Converted - Owner not Sales"),"")
A9: Lead_008 | B9: 46193.494 | C9: FILT_D | D9: Junk | F9: App | G9: 1-100 | H9: =IF(OR(E9<>"",D9="Verified", D9="Service Done"),1,0) -> 0 | I9: =_xlfn.XLOOKUP(C9,Team_Legend!A:A,Team_Legend!B:B,"",0) -> Filteration | J9: =IF(H9=1,IF(I9="Sales","OK","Converted - Owner not Sales"),"")
A10: Lead_009 | B10: 46206.771 | C10: FILT_D | D10: Follow Up | F10: Organic | G10: Just starting out | H10: =IF(OR(E10<>"",D10="Verified", D10="Service Done"),1,0) -> 0 | I10: =_xlfn.XLOOKUP(C10,Team_Legend!A:A,Team_Legend!B:B,"",0) -> Filteration | J10: =IF(H10=1,IF(I10="Sales","OK","Converted - Owner not Sales"),"")
A11: Lead_010 | B11: 46185.733 | C11: FILT_G | D11: Follow Up | F11: Organic | G11: 1-100 | H11: =IF(OR(E11<>"",D11="Verified", D11="Service Done"),1,0) -> 0 | I11: =_xlfn.XLOOKUP(C11,Team_Legend!A:A,Team_Legend!B:B,"",0) -> Filteration | J11: =IF(H11=1,IF(I11="Sales","OK","Converted - Owner not Sales"),"")
A12: Lead_011 | B12: 46197.894 | C12: FILT_A | D12: Offer Pitched | F12: Google Paid | G12: 500+ | H12: =IF(OR(E12<>"",D12="Verified", D12="Service Done"),1,0) -> 0 | I12: =_xlfn.XLOOKUP(C12,Team_Legend!A:A,Team_Legend!B:B,"",0) -> Filteration | J12: =IF(H12=1,IF(I12="Sales","OK","Converted - Owner not Sales"),"")
A13: Lead_012 | B13: 46188.52 | C13: FILT_A | D13: Follow-up in Future | F13: Google Paid | G13: 1-100 | H13: =IF(OR(E13<>"",D13="Verified", D13="Service Done"),1,0) -> 0 | I13: =_xlfn.XLOOKUP(C13,Team_Legend!A:A,Team_Legend!B:B,"",0) -> Filteration | J13: =IF(H13=1,IF(I13="Sales","OK","Converted - Owner not Sales"),"")
A14: Lead_013 | B14: 46203.617 | C14: SALES_F | D14: Verified | E14: 46213.909 | F14: App | G14: 1-100 | H14: =IF(OR(E14<>"",D14="Verified", D14="Service Done"),1,0) -> 1 | I14: =_xlfn.XLOOKUP(C14,Team_Legend!A:A,Team_Legend!B:B,"",0) -> Sales | J14: =IF(H14=1,IF(I14="Sales","OK","Converted - Owner not Sales"),"") -> OK
A15: Lead_014 | B15: 46190.815 | C15: FILT_B | D15: Junk | F15: Meta | G15: 500+ | H15: =IF(OR(E15<>"",D15="Verified", D15="Service Done"),1,0) -> 0 | I15: =_xlfn.XLOOKUP(C15,Team_Legend!A:A,Team_Legend!B:B,"",0) -> Filteration | J15: =IF(H15=1,IF(I15="Sales","OK","Converted - Owner not Sales"),"")
A16: Lead_015 | B16: 46198.381 | C16: FILT_E | D16: Follow-up in Future | F16: Organic | G16: 1-100 | H16: =IF(OR(E16<>"",D16="Verified", D16="Service Done"),1,0) -> 0 | I16: =_xlfn.XLOOKUP(C16,Team_Legend!A:A,Team_Legend!B:B,"",0) -> Filteration | J16: =IF(H16=1,IF(I16="Sales","OK","Converted - Owner not Sales"),"")
A17: Lead_016 | B17: 46199.851 | C17: FILT_G | D17: Not Connected | F17: Organic | G17: 1-100 | H17: =IF(OR(E17<>"",D17="Verified", D17="Service Done"),1,0) -> 0 | I17: =_xlfn.XLOOKUP(C17,Team_Legend!A:A,Team_Legend!B:B,"",0) -> Filteration | J17: =IF(H17=1,IF(I17="Sales","OK","Converted - Owner not Sales"),"")
A18: Lead_017 | B18: 46196.645 | C18: FILT_D | F18: Meta | G18: 100-300 | H18: =IF(OR(E18<>"",D18="Verified", D18="Service Done"),1,0) -> 0 | I18: =_xlfn.XLOOKUP(C18,Team_Legend!A:A,Team_Legend!B:B,"",0) -> Filteration | J18: =IF(H18=1,IF(I18="Sales","OK","Converted - Owner not Sales"),"")
A19: Lead_018 | B19: 46204.604 | C19: FILT_F | D19: Verified | E19: 46205.937 | F19: Organic | G19: 1-100 | H19: =IF(OR(E19<>"",D19="Verified", D19="Service Done"),1,0) -> 1 | I19: =_xlfn.XLOOKUP(C19,Team_Legend!A:A,Team_Legend!B:B,"",0) -> Filteration | J19: =IF(H19=1,IF(I19="Sales","OK","Converted - Owner not Sales"),"") -> Converted - Owner not Sales
A20: Lead_019 | B20: 46182.205 | C20: FILT_D | D20: Verification Pending | F20: App | G20: 500+ | H20: =IF(OR(E20<>"",D20="Verified", D20="Service Done"),1,0) -> 0 | I20: =_xlfn.XLOOKUP(C20,Team_Legend!A:A,Team_Legend!B:B,"",0) -> Filteration | J20: =IF(H20=1,IF(I20="Sales","OK","Converted - Owner not Sales"),"")
A21: Lead_020 | B21: 46204.79 | C21: FILT_G | D21: Not Connected | F21: Organic | G21: Just starting out | H21: =IF(OR(E21<>"",D21="Verified", D21="Service Done"),1,0) -> 0 | I21: =_xlfn.XLOOKUP(C21,Team_Legend!A:A,Team_Legend!B:B,"",0) -> Filteration | J21: =IF(H21=1,IF(I21="Sales","OK","Converted - Owner not Sales"),"")
A22: Lead_021 | B22: 46205.396 | C22: OTHER_2 | D22: Not Connected | F22: Organic | G22: Just starting out | H22: =IF(OR(E22<>"",D22="Verified", D22="Service Done"),1,0) -> 0 | I22: =_xlfn.XLOOKUP(C22,Team_Legend!A:A,Team_Legend!B:B,"",0) -> Other / historical | J22: =IF(H22=1,IF(I22="Sales","OK","Converted - Owner not Sales"),"")
A23: Lead_022 | B23: 46186.746 | C23: FILT_A | D23: Not Interested | F23: Facebook | G23: 100-300 | H23: =IF(OR(E23<>"",D23="Verified", D23="Service Done"),1,0) -> 0 | I23: =_xlfn.XLOOKUP(C23,Team_Legend!A:A,Team_Legend!B:B,"",0) -> Filteration | J23: =IF(H23=1,IF(I23="Sales","OK","Converted - Owner not Sales"),"")
A24: Lead_023 | B24: 46181.466 | C24: FILT_E | D24: Call Back | F24: App | G24: Just starting out | H24: =IF(OR(E24<>"",D24="Verified", D24="Service Done"),1,0) -> 0 | I24: =_xlfn.XLOOKUP(C24,Team_Legend!A:A,Team_Legend!B:B,"",0) -> Filteration | J24: =IF(H24=1,IF(I24="Sales","OK","Converted - Owner not Sales"),"")
A25: Lead_024 | B25: 46202.84 | C25: FILT_G | D25: Junk | F25: Organic | G25: 300-500 | H25: =IF(OR(E25<>"",D25="Verified", D25="Service Done"),1,0) -> 0 | I25: =_xlfn.XLOOKUP(C25,Team_Legend!A:A,Team_Legend!B:B,"",0) -> Filteration | J25: =IF(H25=1,IF(I25="Sales","OK","Converted - Owner not Sales"),"")
A26: Lead_025 | B26: 46195.454 | C26: FILT_C | D26: Verified | E26: 46210.62 | F26: Organic | G26: Just starting out | H26: =IF(OR(E26<>"",D26="Verified", D26="Service Done"),1,0) -> 1 | I26: =_xlfn.XLOOKUP(C26,Team_Legend!A:A,Team_Legend!B:B,"",0) -> Filteration | J26: =IF(H26=1,IF(I26="Sales","OK","Converted - Owner not Sales"),"") -> Converted - Owner not Sales
A27: Lead_026 | B27: 46198.046 | C27: FILT_A | D27: Not Connected | F27: Organic | G27: 100-300 | H27: =IF(OR(E27<>"",D27="Verified", D27="Service Done"),1,0) -> 0 | I27: =_xlfn.XLOOKUP(C27,Team_Legend!A:A,Team_Legend!B:B,"",0) -> Filteration | J27: =IF(H27=1,IF(I27="Sales","OK","Converted - Owner not Sales"),"")
A28: Lead_027 | B28: 46197.615 | C28: FILT_D | D28: Junk | F28: Organic | G28: Just starting out | H28: =IF(OR(E28<>"",D28="Verified", D28="Service Done"),1,0) -> 0 | I28: =_xlfn.XLOOKUP(C28,Team_Legend!A:A,Team_Legend!B:B,"",0) -> Filteration | J28: =IF(H28=1,IF(I28="Sales","OK","Converted - Owner not Sales"),"")
A29: Lead_028 | B29: 46190.781 | C29: FILT_C | D29: Follow Up | F29: Meta | G29: 1-100 | H29: =IF(OR(E29<>"",D29="Verified", D29="Service Done"),1,0) -> 0 | I29: =_xlfn.XLOOKUP(C29,Team_Legend!A:A,Team_Legend!B:B,"",0) -> Filteration | J29: =IF(H29=1,IF(I29="Sales","OK","Converted - Owner not Sales"),"")
A30: Lead_029 | B30: 46202.491 | C30: FILT_A | D30: Junk | F30: Organic | G30: 1-100 | H30: =IF(OR(E30<>"",D30="Verified", D30="Service Done"),1,0) -> 0 | I30: =_xlfn.XLOOKUP(C30,Team_Legend!A:A,Team_Legend!B:B,"",0) -> Filteration | J30: =IF(H30=1,IF(I30="Sales","OK","Converted - Owner not Sales"),"")
A31: Lead_030 | B31: 46193.361 | C31: FILT_B | D31: Not Connected | F31: Google Paid | G31: 100-300 | H31: =IF(OR(E31<>"",D31="Verified", D31="Service Done"),1,0) -> 0 | I31: =_xlfn.XLOOKUP(C31,Team_Legend!A:A,Team_Legend!B:B,"",0) -> Filteration | J31: =IF(H31=1,IF(I31="Sales","OK","Converted - Owner not Sales"),"")
A32: Lead_031 | B32: 46193.469 | C32: FILT_B | D32: Verification Pending | F32: App | G32: Just starting out | H32: =IF(OR(E32<>"",D32="Verified", D32="Service Done"),1,0) -> 0 | I32: =_xlfn.XLOOKUP(C32,Team_Legend!A:A,Team_Legend!B:B,"",0) -> Filteration | J32: =IF(H32=1,IF(I32="Sales","OK","Converted - Owner not Sales"),"")
A33: Lead_032 | B33: 46190.512 | C33: FILT_A | D33: Offer Negotiation | F33: Organic | G33: 1-100 | H33: =IF(OR(E33<>"",D33="Verified", D33="Service Done"),1,0) -> 0 | I33: =_xlfn.XLOOKUP(C33,Team_Legend!A:A,Team_Legend!B:B,"",0) -> Filteration | J33: =IF(H33=1,IF(I33="Sales","OK","Converted - Owner not Sales"),"")
A34: Lead_033 | B34: 46206.587 | C34: FILT_A | D34: Uncontactable | F34: Google Paid | G34: 500+ | H34: =IF(OR(E34<>"",D34="Verified", D34="Service Done"),1,0) -> 0 | I34: =_xlfn.XLOOKUP(C34,Team_Legend!A:A,Team_Legend!B:B,"",0) -> Filteration | J34: =IF(H34=1,IF(I34="Sales","OK","Converted - Owner not Sales"),"")
A35: Lead_034 | B35: 46200.669 | C35: FILT_F | D35: Follow-up in Future | F35: Meta | G35: 1-100 | H35: =IF(OR(E35<>"",D35="Verified", D35="Service Done"),1,0) -> 0 | I35: =_xlfn.XLOOKUP(C35,Team_Legend!A:A,Team_Legend!B:B,"",0) -> Filteration | J35: =IF(H35=1,IF(I35="Sales","OK","Converted - Owner not Sales"),"")
A36: Lead_035 | B36: 46182.768 | C36: SALES_B | D36: Document & Details Pending | F36: Google Paid | G36: Just starting out | H36: =IF(OR(E36<>"",D36="Verified", D36="Service Done"),1,0) -> 0 | I36: =_xlfn.XLOOKUP(C36,Team_Legend!A:A,Team_Legend!B:B,"",0) -> Sales | J36: =IF(H36=1,IF(I36="Sales","OK","Converted - Owner not Sales"),"")
A37: Lead_036 | B37: 46205.59 | C37: FILT_C | D37: New Lead | F37: App | G37: 300-500 | H37: =IF(OR(E37<>"",D37="Verified", D37="Service Done"),1,0) -> 0 | I37: =_xlfn.XLOOKUP(C37,Team_Legend!A:A,Team_Legend!B:B,"",0) -> Filteration | J37: =IF(H37=1,IF(I37="Sales","OK","Converted - Owner not Sales"),"")
A38: Lead_037 | B38: 46188.366 | C38: OTHER_1 | D38: Call Back | F38: Google Paid | G38: 300-500 | H38: =IF(OR(E38<>"",D38="Verified", D38="Service Done"),1,0) -> 0 | I38: =_xlfn.XLOOKUP(C38,Team_Legend!A:A,Team_Legend!B:B,"",0) -> Other / historical | J38: =IF(H38=1,IF(I38="Sales","OK","Converted - Owner not Sales"),"")
... A43: Lead_042 | B43: 46185.222 | C43: FILT_E | D43: Not Connected | F43: Google Paid | G43: Just starting out | H43: =IF(OR(E43<>"",D43="Verified", D43="Service Done"),1,0) -> 0 | I43: =_xlfn.XLOOKUP(C43,Team_Legend!A:A,Team_Legend!B:B,"",0) -> Filteration | J43: =IF(H43=1,IF(I43="Sales","OK","Converted - Owner not Sales"),"")
A44: Lead_043 | B44: 46185.262 | C44: FILT_A | D44: Verified | E44: 46199.47 | F44: Organic | G44: 500+ | H44: =IF(OR(E44<>"",D44="Verified", D44="Service Done"),1,0) -> 1 | I44: =_xlfn.XLOOKUP(C44,Team_Legend!A:A,Team_Legend!B:B,"",0) -> Filteration | J44: =IF(H44=1,IF(I44="Sales","OK","Converted - Owner not Sales"),"") -> Converted - Owner not Sales
A45: Lead_044 | B45: 46190.526 | C45: FILT_G | D45: Call Back | F45: Meta | G45: 300-500 | H45: =IF(OR(E45<>"",D45="Verified", D45="Service Done"),1,0) -> 0 | I45: =_xlfn.XLOOKUP(C45,Team_Legend!A:A,Team_Legend!B:B,"",0) -> Filteration | J45: =IF(H45=1,IF(I45="Sales","OK","Converted - Owner not Sales"),"")
A46: Lead_045 | B46: 46203.481 | C46: FILT_F | D46: Not Interested | F46: Google Paid | G46: 1-100 | H46: =IF(OR(E46<>"",D46="Verified", D46="Service Done"),1,0) -> 0 | I46: =_xlfn.XLOOKUP(C46,Team_Legend!A:A,Team_Legend!B:B,"",0) -> Filteration | J46: =IF(H46=1,IF(I46="Sales","OK","Converted - Owner not Sales"),"")
A47: Lead_046 | B47: 46190.493 | C47: FILT_G | D47: Not Interested | F47: Google Paid | G47: Just starting out | H47: =IF(OR(E47<>"",D47="Verified", D47="Service Done"),1,0) -> 0 | I47: =_xlfn.XLOOKUP(C47,Team_Legend!A:A,Team_Legend!B:B,"",0) -> Filteration | J47: =IF(H47=1,IF(I47="Sales","OK","Converted - Owner not Sales"),"")
A48: Lead_047 | B48: 46197.463 | C48: FILT_G | D48: Not Connected | F48: Google Paid | G48: Just starting out | H48: =IF(OR(E48<>"",D48="Verified", D48="Service Done"),1,0) -> 0 | I48: =_xlfn.XLOOKUP(C48,Team_Legend!A:A,Team_Legend!B:B,"",0) -> Filteration | J48: =IF(H48=1,IF(I48="Sales","OK","Converted - Owner not Sales"),"")
A49: Lead_048 | B49: 46206.679 | C49: FILT_F | D49: Not Connected | F49: Google Paid | G49: Just starting out | H49: =IF(OR(E49<>"",D49="Verified", D49="Service Done"),1,0) -> 0 | I49: =_xlfn.XLOOKUP(C49,Team_Legend!A:A,Team_Legend!B:B,"",0) -> Filteration | J49: =IF(H49=1,IF(I49="Sales","OK","Converted - Owner not Sales"),"")
A50: Lead_049 | B50: 46190.832 | C50: FILT_G | D50: Uncontactable | F50: Google Paid | G50: 1-100 | H50: =IF(OR(E50<>"",D50="Verified", D50="Service Done"),1,0) -> 0 | I50: =_xlfn.XLOOKUP(C50,Team_Legend!A:A,Team_Legend!B:B,"",0) -> Filteration | J50: =IF(H50=1,IF(I50="Sales","OK","Converted - Owner not Sales"),"")
A51: Lead_050 | B51: 46191.226 | C51: FILT_C | D51: Not Eligible Yet | F51: Google Paid | G51: Just starting out | H51: =IF(OR(E51<>"",D51="Verified", D51="Service Done"),1,0) -> 0 | I51: =_xlfn.XLOOKUP(C51,Team_Legend!A:A,Team_Legend!B:B,"",0) -> Filteration | J51: =IF(H51=1,IF(I51="Sales","OK","Converted - Owner not Sales"),"")
A52: Lead_051 | B52: 46185.746 | C52: FILT_A | D52: Verified | E52: 46190.955 | F52: Organic | G52: Just starting out | H52: =IF(OR(E52<>"",D52="Verified", D52="Service Done"),1,0) -> 1 | I52: =_xlfn.XLOOKUP(C52,Team_Legend!A:A,Team_Legend!B:B,"",0) -> Filteration | J52: =IF(H52=1,IF(I52="Sales","OK","Converted - Owner not Sales"),"") -> Converted - Owner not Sales
A53: Lead_052 | B53: 46210.396 | C53: FILT_F | F53: Organic | G53: 100-300 | H53: =IF(OR(E53<>"",D53="Verified", D53="Service Done"),1,0) -> 0 | I53: =_xlfn.XLOOKUP(C53,Team_Legend!A:A,Team_Legend!B:B,"",0) -> Filteration | J53: =IF(H53=1,IF(I53="Sales","OK","Converted - Owner not Sales"),"")
A54: Lead_053 | B54: 46181.385 | C54: FILT_F | D54: Not Interested | F54: Organic | G54: 1-100 | H54: =IF(OR(E54<>"",D54="Verified", D54="Service Done"),1,0) -> 0 | I54: =_xlfn.XLOOKUP(C54,Team_Legend!A:A,Team_Legend!B:B,"",0) -> Filteration | J54: =IF(H54=1,IF(I54="Sales","OK","Converted - Owner not Sales"),"")
A55: Lead_054 | B55: 46198.407 | C55: OTHER_2 | D55: Not Eligible Yet | F55: Google Paid | G55: 1-100 | H55: =IF(OR(E55<>"",D55="Verified", D55="Service Done"),1,0) -> 0 | I55: =_xlfn.XLOOKUP(C55,Team_Legend!A:A,Team_Legend!B:B,"",0) -> Other / historical | J55: =IF(H55=1,IF(I55="Sales","OK","Converted - Owner not Sales"),"")
A56: Lead_055 | B56: 46203.787 | C56: FILT_D | D56: Not Eligible Yet | F56: Organic | G56: 1-100 | H56: =IF(OR(E56<>"",D56="Verified", D56="Service Done"),1,0) -> 0 | I56: =_xlfn.XLOOKUP(C56,Team_Legend!A:A,Team_Legend!B:B,"",0) -> Filteration | J56: =IF(H56=1,IF(I56="Sales","OK","Converted - Owner not Sales"),"")
A57: Lead_056 | B57: 46204.454 | C57: FILT_B | D57: Follow-up in Future | F57: Google Paid | G57: 300-500 | H57: =IF(OR(E57<>"",D57="Verified", D57="Service Done"),1,0) -> 0 | I57: =_xlfn.XLOOKUP(C57,Team_Legend!A:A,Team_Legend!B:B,"",0) -> Filteration | J57: =IF(H57=1,IF(I57="Sales","OK","Converted - Owner not Sales"),"")
A58: Lead_057 | B58: 46196.314 | C58: FILT_D | D58: Verified | E58: 46210.398 | F58: Organic | G58: 1-100 | H58: =IF(OR(E58<>"",D58="Verified", D58="Service Done"),1,0) -> 1 | I58: =_xlfn.XLOOKUP(C58,Team_Legend!A:A,Team_Legend!B:B,"",0) -> Filteration | J58: =IF(H58=1,IF(I58="Sales","OK","Converted - Owner not Sales"),"") -> Converted - Owner not Sales
A59: Lead_058 | B59: 46187.857 | C59: FILT_F | D59: Verified | E59: 46192.107 | F59: Organic | G59: 100-300 | H59: =IF(OR(E59<>"",D59="Verified", D59="Service Done"),1,0) -> 1 | I59: =_xlfn.XLOOKUP(C59,Team_Legend!A:A,Team_Legend!B:B,"",0) -> Filteration | J59: =IF(H59=1,IF(I59="Sales","OK","Converted - Owner not Sales"),"") -> Converted - Owner not Sales
A60: Lead_059 | B60: 46195.564 | C60: FILT_C | D60: Offer Negotiation | F60: App | G60: 100-300 | H60: =IF(OR(E60<>"",D60="Verified", D60="Service Done"),1,0) -> 0 | I60: =_xlfn.XLOOKUP(C60,Team_Legend!A:A,Team_Legend!B:B,"",0) -> Filteration | J60: =IF(H60=1,IF(I60="Sales","OK","Converted - Owner not Sales"),"")
A61: Lead_060 | B61: 46199.649 | C61: FILT_B | D61: Not Connected | F61: Organic | G61: 100-300 | H61: =IF(OR(E61<>"",D61="Verified", D61="Service Done"),1,0) -> 0 | I61: =_xlfn.XLOOKUP(C61,Team_Legend!A:A,Team_Legend!B:B,"",0) -> Filteration | J61: =IF(H61=1,IF(I61="Sales","OK","Converted - Owner not Sales"),"")
A62: Lead_061 | B62: 46186.238 | C62: FILT_G | D62: Verified | E62: 46198.446 | F62: Organic | G62: 300-500 | H62: =IF(OR(E62<>"",D62="Verified", D62="Service Done"),1,0) -> 1 | I62: =_xlfn.XLOOKUP(C62,Team_Legend!A:A,Team_Legend!B:B,"",0) -> Filteration | J62: =IF(H62=1,IF(I62="Sales","OK","Converted - Owner not Sales"),"") -> Converted - Owner not Sales
A63: Lead_062 | B63: 46206.406 | C63: FILT_F | D63: Verification Pending | F63: Organic | G63: 100-300 | H63: =IF(OR(E63<>"",D63="Verified", D63="Service Done"),1,0) -> 0 | I63: =_xlfn.XLOOKUP(C63,Team_Legend!A:A,Team_Legend!B:B,"",0) -> Filteration | J63: =IF(H63=1,IF(I63="Sales","OK","Converted - Owner not Sales"),"")
A64: Lead_063 | B64: 46182.439 | C64: FILT_A | D64: Service Done | E64: 46194.772 | F64: Google Paid | G64: 100-300 | H64: =IF(OR(E64<>"",D64="Verified", D64="Service Done"),1,0) -> 1 | I64: =_xlfn.XLOOKUP(C64,Team_Legend!A:A,Team_Legend!B:B,"",0) -> Filteration | J64: =IF(H64=1,IF(I64="Sales","OK","Converted - Owner not Sales"),"") -> Converted - Owner not Sales
A65: Lead_064 | B65: 46209.004 | C65: FILT_F | D65: Interested | F65: Google Paid | G65: 300-500 | H65: =IF(OR(E65<>"",D65="Verified", D65="Service Done"),1,0) -> 0 | I65: =_xlfn.XLOOKUP(C65,Team_Legend!A:A,Team_Legend!B:B,"",0) -> Filteration | J65: =IF(H65=1,IF(I65="Sales","OK","Converted - Owner not Sales"),"")
A66: Lead_065 | B66: 46205.411 | C66: FILT_D | D66: Verified | E66: 46213.536 | F66: Organic | G66: 300-500 | H66: =IF(OR(E66<>"",D66="Verified", D66="Service Done"),1,0) -> 1 | I66: =_xlfn.XLOOKUP(C66,Team_Legend!A:A,Team_Legend!B:B,"",0) -> Filteration | J66: =IF(H66=1,IF(I66="Sales","OK","Converted - Owner not Sales"),"") -> Converted - Owner not Sales
A67: Lead_066 | B67: 46199.58 | C67: FILT_D | D67: Follow Up | F67: Facebook | G67: 100-300 | H67: =IF(OR(E67<>"",D67="Verified", D67="Service Done"),1,0) -> 0 | I67: =_xlfn.XLOOKUP(C67,Team_Legend!A:A,Team_Legend!B:B,"",0) -> Filteration | J67: =IF(H67=1,IF(I67="Sales","OK","Converted - Owner not Sales"),"")
A68: Lead_067 | B68: 46193.76 | C68: FILT_G | D68: Not Interested | F68: Organic | G68: 100-300 | H68: =IF(OR(E68<>"",D68="Verified", D68="Service Done"),1,0) -> 0 | I68: =_xlfn.XLOOKUP(C68,Team_Legend!A:A,Team_Legend!B:B,"",0) -> Filteration | J68: =IF(H68=1,IF(I68="Sales","OK","Converted - Owner not Sales"),"")
A69: Lead_068 | B69: 46197.769 | C69: FILT_B | D69: Call Back | F69: Google Paid | G69: 500+ | H69: =IF(OR(E69<>"",D69="Verified", D69="Service Done"),1,0) -> 0 | I69: =_xlfn.XLOOKUP(C69,Team_Legend!A:A,Team_Legend!B:B,"",0) -> Filteration | J69: =IF(H69=1,IF(I69="Sales","OK","Converted - Owner not Sales"),"")
A70: Lead_069 | B70: 46198.521 | C70: FILT_C | D70: Not Connected | F70: Google Paid | G70: Just starting out | H70: =IF(OR(E70<>"",D70="Verified", D70="Service Done"),1,0) -> 0 | I70: =_xlfn.XLOOKUP(C70,Team_Legend!A:A,Team_Legend!B:B,"",0) -> Filteration | J70: =IF(H70=1,IF(I70="Sales","OK","Converted - Owner not Sales"),"")
A71: Lead_070 | B71: 46199.487 | C71: FILT_F | D71: Junk | F71: Google Paid | G71: 1-100 | H71: =IF(OR(E71<>"",D71="Verified", D71="Service Done"),1,0) -> 0 | I71: =_xlfn.XLOOKUP(C71,Team_Legend!A:A,Team_Legend!B:B,"",0) -> Filteration | J71: =IF(H71=1,IF(I71="Sales","OK","Converted - Owner not Sales"),"")
A72: Lead_071 | B72: 46196.495 | C72: FILT_E | D72: Junk | F72: Meta | G72: 300-500 | H72: =IF(OR(E72<>"",D72="Verified", D72="Service Done"),1,0) -> 0 | I72: =_xlfn.XLOOKUP(C72,Team_Legend!A:A,Team_Legend!B:B,"",0) -> Filteration | J72: =IF(H72=1,IF(I72="Sales","OK","Converted - Owner not Sales"),"")
A73: Lead_072 | B73: 46183.601 | C73: FILT_E | D73: Not Connected | F73: Meta | G73: 100-300 | H73: =IF(OR(E73<>"",D73="Verified", D73="Service Done"),1,0) -> 0 | I73: =_xlfn.XLOOKUP(C73,Team_Legend!A:A,Team_Legend!B:B,"",0) -> Filteration | J73: =IF(H73=1,IF(I73="Sales","OK","Converted - Owner not Sales"),"")
A74: Lead_073 | B74: 46206.337 | C74: FILT_C | D74: Follow-up in Future | F74: Organic | G74: Just starting out | H74: =IF(OR(E74<>"",D74="Verified", D74="Service Done"),1,0) -> 0 | I74: =_xlfn.XLOOKUP(C74,Team_Legend!A:A,Team_Legend!B:B,"",0) -> Filteration | J74: =IF(H74=1,IF(I74="Sales","OK","Converted - Owner not Sales"),"")
A75: Lead_074 | B75: 46188.723 | C75: FILT_D | D75: Offer Pitched | F75: Organic | G75: 100-300 | H75: =IF(OR(E75<>"",D75="Verified", D75="Service Done"),1,0) -> 0 | I75: =_xlfn.XLOOKUP(C75,Team_Legend!A:A,Team_Legend!B:B,"",0) -> Filteration | J75: =IF(H75=1,IF(I75="Sales","OK","Converted - Owner not Sales"),"")
A76: Lead_075 | B76: 46198.579 | C76: FILT_D | D76: Interested | F76: Organic | G76: Just starting out | H76: =IF(OR(E76<>"",D76="Verified", D76="Service Done"),1,0) -> 0 | I76: =_xlfn.XLOOKUP(C76,Team_Legend!A:A,Team_Legend!B:B,"",0) -> Filteration | J76: =IF(H76=1,IF(I76="Sales","OK","Converted - Owner not Sales"),"")
A77: Lead_076 | B77: 46193.543 | C77: SALES_D | D77: Verification Pending | F77: App | G77: 1-100 | H77: =IF(OR(E77<>"",D77="Verified", D77="Service Done"),1,0) -> 0 | I77: =_xlfn.XLOOKUP(C77,Team_Legend!A:A,Team_Legend!B:B,"",0) -> Sales | J77: =IF(H77=1,IF(I77="Sales","OK","Converted - Owner not Sales"),"")
A78: Lead_077 | B78: 46201.776 | C78: FILT_G | D78: Verified | E78: 46205.817 | F78: Google Paid | G78: 500+ | H78: =IF(OR(E78<>"",D78="Verified", D78="Service Done"),1,0) -> 1 | I78: =_xlfn.XLOOKUP(C78,Team_Legend!A:A,Team_Legend!B:B,"",0) -> Filteration | J78: =IF(H78=1,IF(I78="Sales","OK","Converted - Owner not Sales"),"") -> Converted - Owner not Sales
A79: Lead_078 | B79: 46186.727 | C79: SALES_B | D79: Offer Negotiation | F79: Organic | G79: Just starting out | H79: =IF(OR(E79<>"",D79="Verified", D79="Service Done"),1,0) -> 0 | I79: =_xlfn.XLOOKUP(C79,Team_Legend!A:A,Team_Legend!B:B,"",0) -> Sales | J79: =IF(H79=1,IF(I79="Sales","OK","Converted - Owner not Sales"),"")
A80: Lead_079 | B80: 46183.454 | C80: FILT_E | D80: Call Back | F80: Organic | G80: 1-100 | H80: =IF(OR(E80<>"",D80="Verified", D80="Service Done"),1,0) -> 0 | I80: =_xlfn.XLOOKUP(C80,Team_Legend!A:A,Team_Legend!B:B,"",0) -> Filteration | J80: =IF(H80=1,IF(I80="Sales","OK","Converted - Owner not Sales"),"")
A81: Lead_080 | B81: 46181.662 | C81: FILT_A | D81: Not Connected | F81: Meta | G81: 500+ | H81: =IF(OR(E81<>"",D81="Verified", D81="Service Done"),1,0) -> 0 | I81: =_xlfn.XLOOKUP(C81,Team_Legend!A:A,Team_Legend!B:B,"",0) -> Filteration | J81: =IF(H81=1,IF(I81="Sales","OK","Converted - Owner not Sales"),"")
A82: Lead_081 | B82: 46208.417 | C82: FILT_A | D82: Not Connected | F82: Google Paid | G82: Just starting out | H82: =IF(OR(E82<>"",D82="Verified", D82="Service Done"),1,0) -> 0 | I82: =_xlfn.XLOOKUP(C82,Team_Legend!A:A,Team_Legend!B:B,"",0) -> Filteration | J82: =IF(H82=1,IF(I82="Sales","OK","Converted - Owner not Sales"),"")
A83: Lead_082 | B83: 46191.594 | C83: FILT_E | D83: Not Interested | F83: Organic | G83: 1-100 | H83: =IF(OR(E83<>"",D83="Verified", D83="Service Done"),1,0) -> 0 | I83: =_xlfn.XLOOKUP(C83,Team_Legend!A:A,Team_Legend!B:B,"",0) -> Filteration | J83: =IF(H83=1,IF(I83="Sales","OK","Converted - Owner not Sales"),"")
A84: Lead_083 | B84: 46209.524 | C84: FILT_E | D84: Follow-up in Future | F84: Organic | G84: Just starting out | H84: =IF(OR(E84<>"",D84="Verified", D84="Service Done"),1,0) -> 0 | I84: =_xlfn.XLOOKUP(C84,Team_Legend!A:A,Team_Legend!B:B,"",0) -> Filteration | J84: =IF(H84=1,IF(I84="Sales","OK","Converted - Owner not Sales"),"")
A85: Lead_084 | B85: 46198.945 | C85: FILT_A | D85: Verified | E85: 46213.279 | F85: Organic | G85: 100-300 | H85: =IF(OR(E85<>"",D85="Verified", D85="Service Done"),1,0) -> 1 | I85: =_xlfn.XLOOKUP(C85,Team_Legend!A:A,Team_Legend!B:B,"",0) -> Filteration | J85: =IF(H85=1,IF(I85="Sales","OK","Converted - Owner not Sales"),"") -> Converted - Owner not Sales
A86: Lead_085 | B86: 46187.531 | C86: FILT_C | D86: Verified | E86: 46189.822 | F86: Organic | G86: 100-300 | H86: =IF(OR(E86<>"",D86="Verified", D86="Service Done"),1,0) -> 1 | I86: =_xlfn.XLOOKUP(C86,Team_Legend!A:A,Team_Legend!B:B,"",0) -> Filteration | J86: =IF(H86=1,IF(I86="Sales","OK","Converted - Owner not Sales"),"") -> Converted - Owner not Sales
A87: Lead_086 | B87: 46191.64 | C87: SALES_A | D87: Offer Pitched | F87: App | G87: 100-300 | H87: =IF(OR(E87<>"",D87="Verified", D87="Service Done"),1,0) -> 0 | I87: =_xlfn.XLOOKUP(C87,Team_Legend!A:A,Team_Legend!B:B,"",0) -> Sales | J87: =IF(H87=1,IF(I87="Sales","OK","Converted - Owner not Sales"),"")
A88: Lead_087 | B88: 46182.609 | C88: OTHER_1 | D88: Call Back | F88: Organic | G88: 1-100 | H88: =IF(OR(E88<>"",D88="Verified", D88="Service Done"),1,0) -> 0 | I88: =_xlfn.XLOOKUP(C88,Team_Legend!A:A,Team_Legend!B:B,"",0) -> Other / historical | J88: =IF(H88=1,IF(I88="Sales","OK","Converted - Owner not Sales"),"")
A89: Lead_088 | B89: 46205.504 | C89: FILT_G | D89: Not Eligible Yet | F89: Meta | G89: 100-300 | H89: =IF(OR(E89<>"",D89="Verified", D89="Service Done"),1,0) -> 0 | I89: =_xlfn.XLOOKUP(C89,Team_Legend!A:A,Team_Legend!B:B,"",0) -> Filteration | J89: =IF(H89=1,IF(I89="Sales","OK","Converted - Owner not Sales"),"")
A90: Lead_089 | B90: 46192.477 | C90: FILT_E | D90: New Lead | F90: Organic | G90: Just starting out | H90: =IF(OR(E90<>"",D90="Verified", D90="Service Done"),1,0) -> 0 | I90: =_xlfn.XLOOKUP(C90,Team_Legend!A:A,Team_Legend!B:B,"",0) -> Filteration | J90: =IF(H90=1,IF(I90="Sales","OK","Converted - Owner not Sales"),"")
A91: Lead_090 | B91: 46201.72 | C91: FILT_F | D91: Not Eligible Yet | F91: Meta | G91: Just starting out | H91: =IF(OR(E91<>"",D91="Verified", D91="Service Done"),1,0) -> 0 | I91: =_xlfn.XLOOKUP(C91,Team_Legend!A:A,Team_Legend!B:B,"",0) -> Filteration | J91: =IF(H91=1,IF(I91="Sales","OK","Converted - Owner not Sales"),"")
A92: Lead_091 | B92: 46196.745 | C92: FILT_E | F92: Organic | G92: Just starting out | H92: =IF(OR(E92<>"",D92="Verified", D92="Service Done"),1,0) -> 0 | I92: =_xlfn.XLOOKUP(C92,Team_Legend!A:A,Team_Legend!B:B,"",0) -> Filteration | J92: =IF(H92=1,IF(I92="Sales","OK","Converted - Owner not Sales"),"")
A93: Lead_092 | B93: 46189.494 | C93: FILT_B | D93: Uncontactable | F93: Google Paid | G93: 100-300 | H93: =IF(OR(E93<>"",D93="Verified", D93="Service Done"),1,0) -> 0 | I93: =_xlfn.XLOOKUP(C93,Team_Legend!A:A,Team_Legend!B:B,"",0) -> Filteration | J93: =IF(H93=1,IF(I93="Sales","OK","Converted - Owner not Sales"),"")
A94: Lead_093 | B94: 46183.559 | C94: FILT_G | D94: New Lead | F94: Facebook | G94: Just starting out | H94: =IF(OR(E94<>"",D94="Verified", D94="Service Done"),1,0) -> 0 | I94: =_xlfn.XLOOKUP(C94,Team_Legend!A:A,Team_Legend!B:B,"",0) -> Filteration | J94: =IF(H94=1,IF(I94="Sales","OK","Converted - Owner not Sales"),"")
A95: Lead_094 | B95: 46186.738 | C95: FILT_D | D95: New Lead | F95: Google Paid | G95: 100-300 | H95: =IF(OR(E95<>"",D95="Verified", D95="Service Done"),1,0) -> 0 | I95: =_xlfn.XLOOKUP(C95,Team_Legend!A:A,Team_Legend!B:B,"",0) -> Filteration | J95: =IF(H95=1,IF(I95="Sales","OK","Converted - Owner not Sales"),"")
A96: Lead_095 | B96: 46195.62 | C96: FILT_F | D96: Not Connected | F96: Google Paid | G96: 1-100 | H96: =IF(OR(E96<>"",D96="Verified", D96="Service Done"),1,0) -> 0 | I96: =_xlfn.XLOOKUP(C96,Team_Legend!A:A,Team_Legend!B:B,"",0) -> Filteration | J96: =IF(H96=1,IF(I96="Sales","OK","Converted - Owner not Sales"),"")
A97: Lead_096 | B97: 46190.856 | C97: FILT_C | D97: Verified | E97: 46198.064 | F97: App | G97: 1-100 | H97: =IF(OR(E97<>"",D97="Verified", D97="Service Done"),1,0) -> 1 | I97: =_xlfn.XLOOKUP(C97,Team_Legend!A:A,Team_Legend!B:B,"",0) -> Filteration | J97: =IF(H97=1,IF(I97="Sales","OK","Converted - Owner not Sales"),"") -> Converted - Owner not Sales
A98: Lead_097 | B98: 46185.733 | C98: FILT_G | D98: Offer Pitched | F98: App | G98: 500+ | H98: =IF(OR(E98<>"",D98="Verified", D98="Service Done"),1,0) -> 0 | I98: =_xlfn.XLOOKUP(C98,Team_Legend!A:A,Team_Legend!B:B,"",0) -> Filteration | J98: =IF(H98=1,IF(I98="Sales","OK","Converted - Owner not Sales"),"")
A99: Lead_098 | B99: 46205.605 | C99: FILT_E | D99: Service Done | E99: 46209.855 | F99: Organic | G99: Just starting out | H99: =IF(OR(E99<>"",D99="Verified", D99="Service Done"),1,0) -> 1 | I99: =_xlfn.XLOOKUP(C99,Team_Legend!A:A,Team_Legend!B:B,"",0) -> Filteration | J99: =IF(H99=1,IF(I99="Sales","OK","Converted - Owner not Sales"),"") -> Converted - Owner not Sales
A100: Lead_099 | B100: 46207.623 | C100: FILT_B | D100: Service Done | E100: 46213.706 | F100: Organic | G100: 500+ | H100: =IF(OR(E100<>"",D100="Verified", D100="Service Done"),1,0) -> 1 | I100: =_xlfn.XLOOKUP(C100,Team_Legend!A:A,Team_Legend!B:B,"",0) -> Filteration | J100: =IF(H100=1,IF(I100="Sales","OK","Converted - Owner not Sales"),"") -> Converted - Owner not Sales
A101: Lead_100 | B101: 46196.529 | C101: FILT_B | D101: Not Interested | F101: Facebook | G101: 100-300 | H101: =IF(OR(E101<>"",D101="Verified", D101="Service Done"),1,0) -> 0 | I101: =_xlfn.XLOOKUP(C101,Team_Legend!A:A,Team_Legend!B:B,"",0) -> Filteration | J101: =IF(H101=1,IF(I101="Sales","OK","Converted - Owner not Sales"),"")

Sheet Team_Legend
A1: Agent Code | B1: Team | C1: Sales Buddy (for Filteration only)
A2: FILT_A | B2: Filteration | C2: SALES_A
A3: FILT_B | B3: Filteration | C3: SALES_B
A4: FILT_C | B4: Filteration | C4: SALES_C
A5: FILT_D | B5: Filteration | C5: SALES_D
A6: FILT_E | B6: Filteration | C6: SALES_E
A7: FILT_F | B7: Filteration | C7: SALES_F
A8: FILT_G | B8: Filteration | C8: SALES_F
A9: SALES_A | B9: Sales
A10: SALES_B | B10: Sales
A11: SALES_C | B11: Sales
A12: SALES_D | B12: Sales
A13: SALES_E | B13: Sales
A14: SALES_F | B14: Sales
A15: OTHER_1 | B15: Other / historical
A16: OTHER_2 | B16: Other / historical

Sheet Lead_Timestamps
A1: Lead ID | B1: Owner | C1: Created On | D1: First Phone Call | E1: Latest Follow Up | F1: Interested | G1: Offer Pitched | H1: Verified | I1: Service Done | J1: First Response Working Hours | K1: Response bucket | L1: Conversion Falg
A2: Lead_001 | B2: FILT_E | C2: 46207.58 | D2: 46207.594 | E2: 46208.969 | J2: =IF(D2="","",ROUND(24*MAX(0,(NETWORKDAYS.INTL(INT(C2),INT(D2),11)-1)*(TIME(18,30,0)-TIME(10,0,0))+IF(NETWORKDAYS.INTL(INT(D2),INT(D2),11),MEDIAN(MOD(D2,1),TIME(18,30,0),TIME(10,0,0)),TIME(18,30,0))-IF(NETWORKDAYS.INTL(INT(C2),INT(C2),11),MEDIAN(MOD(C2,1),TIME(18,30,0),TIME(10,0,0)),TIME(10,0,0))),4)) -> 0.3333 | K2: {=IF(D2="","No Call",_xlfn.IFS(J2<=0.25,"<=15 min",J2<=0.5,"16-30 min",J2<=1,"31-60 min",TRUE,">60 min"))} -> 16-30 min | L2: =_xlfn.XLOOKUP(A2,Lead_Data!A:A,Lead_Data!H:H,0) -> 0
A3: Lead_002 | B3: FILT_G | C3: 46192.37 | D3: 46192.447 | J3: =IF(D3="","",ROUND(24*MAX(0,(NETWORKDAYS.INTL(INT(C3),INT(D3),11)-1)*(TIME(18,30,0)-TIME(10,0,0))+IF(NETWORKDAYS.INTL(INT(D3),INT(D3),11),MEDIAN(MOD(D3,1),TIME(18,30,0),TIME(10,0,0)),TIME(18,30,0))-IF(NETWORKDAYS.INTL(INT(C3),INT(C3),11),MEDIAN(MOD(C3,1),TIME(18,30,0),TIME(10,0,0)),TIME(10,0,0))),4)) -> 0.7168 | K3: {=IF(D3="","No Call",_xlfn.IFS(J3<=0.25,"<=15 min",J3<=0.5,"16-30 min",J3<=1,"31-60 min",TRUE,">60 min"))} -> 31-60 min | L3: =_xlfn.XLOOKUP(A3,Lead_Data!A:A,Lead_Data!H:H,0) -> 0
A4: Lead_003 | B4: FILT_F | C4: 46203.958 | D4: 46204.435 | J4: =IF(D4="","",ROUND(24*MAX(0,(NETWORKDAYS.INTL(INT(C4),INT(D4),11)-1)*(TIME(18,30,0)-TIME(10,0,0))+IF(NETWORKDAYS.INTL(INT(D4),INT(D4),11),MEDIAN(MOD(D4,1),TIME(18,30,0),TIME(10,0,0)),TIME(18,30,0))-IF(NETWORKDAYS.INTL(INT(C4),INT(C4),11),MEDIAN(MOD(C4,1),TIME(18,30,0),TIME(10,0,0)),TIME(10,0,0))),4)) -> 0.45 | K4: {=IF(D4="","No Call",_xlfn.IFS(J4<=0.25,"<=15 min",J4<=0.5,"16-30 min",J4<=1,"31-60 min",TRUE,">60 min"))} -> 16-30 min | L4: =_xlfn.XLOOKUP(A4,Lead_Data!A:A,Lead_Data!H:H,0) -> 0
A5: Lead_004 | B5: FILT_C | C5: 46202.404 | D5: 46202.422 | E5: 46202.672 | F5: 46202.547 | G5: 46202.631 | J5: =IF(D5="","",ROUND(24*MAX(0,(NETWORKDAYS.INTL(INT(C5),INT(D5),11)-1)*(TIME(18,30,0)-TIME(10,0,0))+IF(NETWORKDAYS.INTL(INT(D5),INT(D5),11),MEDIAN(MOD(D5,1),TIME(18,30,0),TIME(10,0,0)),TIME(18,30,0))-IF(NETWORKDAYS.INTL(INT(C5),INT(C5),11),MEDIAN(MOD(C5,1),TIME(18,30,0),TIME(10,0,0)),TIME(10,0,0))),4)) -> 0.1336 | K5: {=IF(D5="","No Call",_xlfn.IFS(J5<=0.25,"<=15 min",J5<=0.5,"16-30 min",J5<=1,"31-60 min",TRUE,">60 min"))} -> <=15 min | L5: =_xlfn.XLOOKUP(A5,Lead_Data!A:A,Lead_Data!H:H,0) -> 0
A6: Lead_005 | B6: FILT_G | C6: 46208.58 | D6: 46209.417 | E6: 46210.751 | J6: =IF(D6="","",ROUND(24*MAX(0,(NETWORKDAYS.INTL(INT(C6),INT(D6),11)-1)*(TIME(18,30,0)-TIME(10,0,0))+IF(NETWORKDAYS.INTL(INT(D6),INT(D6),11),MEDIAN(MOD(D6,1),TIME(18,30,0),TIME(10,0,0)),TIME(18,30,0))-IF(NETWORKDAYS.INTL(INT(C6),INT(C6),11),MEDIAN(MOD(C6,1),TIME(18,30,0),TIME(10,0,0)),TIME(10,0,0))),4)) -> 0.0168 | K6: {=IF(D6="","No Call",_xlfn.IFS(J6<=0.25,"<=15 min",J6<=0.5,"16-30 min",J6<=1,"31-60 min",TRUE,">60 min"))} -> <=15 min | L6: =_xlfn.XLOOKUP(A6,Lead_Data!A:A,Lead_Data!H:H,0) -> 0
A7: Lead_006 | B7: FILT_A | C7: 46198.813 | D7: 46199.426 | E7: 46200.759 | J7: =IF(D7="","",ROUND(24*MAX(0,(NETWORKDAYS.INTL(INT(C7),INT(D7),11)-1)*(TIME(18,30,0)-TIME(10,0,0))+IF(NETWORKDAYS.INTL(INT(D7),INT(D7),11),MEDIAN(MOD(D7,1),TIME(18,30,0),TIME(10,0,0)),TIME(18,30,0))-IF(NETWORKDAYS.INTL(INT(C7),INT(C7),11),MEDIAN(MOD(C7,1),TIME(18,30,0),TIME(10,0,0)),TIME(10,0,0))),4)) -> 0.2169 | K7: {=IF(D7="","No Call",_xlfn.IFS(J7<=0.25,"<=15 min",J7<=0.5,"16-30 min",J7<=1,"31-60 min",TRUE,">60 min"))} -> <=15 min | L7: =_xlfn.XLOOKUP(A7,Lead_Data!A:A,Lead_Data!H:H,0) -> 0
A8: Lead_007 | B8: FILT_A | C8: 46207.521 | D8: 46207.526 | J8: =IF(D8="","",ROUND(24*MAX(0,(NETWORKDAYS.INTL(INT(C8),INT(D8),11)-1)*(TIME(18,30,0)-TIME(10,0,0))+IF(NETWORKDAYS.INTL(INT(D8),INT(D8),11),MEDIAN(MOD(D8,1),TIME(18,30,0),TIME(10,0,0)),TIME(18,30,0))-IF(NETWORKDAYS.INTL(INT(C8),INT(C8),11),MEDIAN(MOD(C8,1),TIME(18,30,0),TIME(10,0,0)),TIME(10,0,0))),4)) -> 0.1167 | K8: {=IF(D8="","No Call",_xlfn.IFS(J8<=0.25,"<=15 min",J8<=0.5,"16-30 min",J8<=1,"31-60 min",TRUE,">60 min"))} -> <=15 min | L8: =_xlfn.XLOOKUP(A8,Lead_Data!A:A,Lead_Data!H:H,0) -> 0
A9: Lead_008 | B9: FILT_D | C9: 46193.494 | D9: 46193.495 | J9: =IF(D9="","",ROUND(24*MAX(0,(NETWORKDAYS.INTL(INT(C9),INT(D9),11)-1)*(TIME(18,30,0)-TIME(10,0,0))+IF(NETWORKDAYS.INTL(INT(D9),INT(D9),11),MEDIAN(MOD(D9,1),TIME(18,30,0),TIME(10,0,0)),TIME(18,30,0))-IF(NETWORKDAYS.INTL(INT(C9),INT(C9),11),MEDIAN(MOD(C9,1),TIME(18,30,0),TIME(10,0,0)),TIME(10,0,0))),4)) -> 0.0167 | K9: {=IF(D9="","No Call",_xlfn.IFS(J9<=0.25,"<=15 min",J9<=0.5,"16-30 min",J9<=1,"31-60 min",TRUE,">60 min"))} -> <=15 min | L9: =_xlfn.XLOOKUP(A9,Lead_Data!A:A,Lead_Data!H:H,0) -> 0
A10: Lead_009 | B10: FILT_D | C10: 46206.771 | D10: 46207.44 | E10: 46208.982 | J10: =IF(D10="","",ROUND(24*MAX(0,(NETWORKDAYS.INTL(INT(C10),INT(D10),11)-1)*(TIME(18,30,0)-TIME(10,0,0))+IF(NETWORKDAYS.INTL(INT(D10),INT(D10),11),MEDIAN(MOD(D10,1),TIME(18,30,0),TIME(10,0,0)),TIME(18,30,0))-IF(NETWORKDAYS.INTL(INT(C10),INT(C10),11),MEDIAN(MOD(C10,1),TIME(18,30,0),TIME(10,0,0)),TIME(10,0,0))),4)) -> 0.5667 | K10: {=IF(D10="","No Call",_xlfn.IFS(J10<=0.25,"<=15 min",J10<=0.5,"16-30 min",J10<=1,"31-60 min",TRUE,">60 min"))} -> 31-60 min | L10: =_xlfn.XLOOKUP(A10,Lead_Data!A:A,Lead_Data!H:H,0) -> 0
A11: Lead_010 | B11: FILT_G | C11: 46185.733 | D11: 46185.765 | E11: 46186.182 | J11: =IF(D11="","",ROUND(24*MAX(0,(NETWORKDAYS.INTL(INT(C11),INT(D11),11)-1)*(TIME(18,30,0)-TIME(10,0,0))+IF(NETWORKDAYS.INTL(INT(D11),INT(D11),11),MEDIAN(MOD(D11,1),TIME(18,30,0),TIME(10,0,0)),TIME(18,30,0))-IF(NETWORKDAYS.INTL(INT(C11),INT(C11),11),MEDIAN(MOD(C11,1),TIME(18,30,0),TIME(10,0,0)),TIME(10,0,0))),4)) -> 0.7667 | K11: {=IF(D11="","No Call",_xlfn.IFS(J11<=0.25,"<=15 min",J11<=0.5,"16-30 min",J11<=1,"31-60 min",TRUE,">60 min"))} -> 31-60 min | L11: =_xlfn.XLOOKUP(A11,Lead_Data!A:A,Lead_Data!H:H,0) -> 0
A12: Lead_011 | B12: FILT_A | C12: 46197.894 | D12: 46198.424 | E12: 46199.299 | F12: 46199.258 | G12: 46200.383 | J12: =IF(D12="","",ROUND(24*MAX(0,(NETWORKDAYS.INTL(INT(C12),INT(D12),11)-1)*(TIME(18,30,0)-TIME(10,0,0))+IF(NETWORKDAYS.INTL(INT(D12),INT(D12),11),MEDIAN(MOD(D12,1),TIME(18,30,0),TIME(10,0,0)),TIME(18,30,0))-IF(NETWORKDAYS.INTL(INT(C12),INT(C12),11),MEDIAN(MOD(C12,1),TIME(18,30,0),TIME(10,0,0)),TIME(10,0,0))),4)) -> 0.1835 | K12: {=IF(D12="","No Call",_xlfn.IFS(J12<=0.25,"<=15 min",J12<=0.5,"16-30 min",J12<=1,"31-60 min",TRUE,">60 min"))} -> <=15 min | L12: =_xlfn.XLOOKUP(A12,Lead_Data!A:A,Lead_Data!H:H,0) -> 0
A13: Lead_012 | B13: FILT_A | C13: 46188.52 | D13: 46188.53 | E13: 46189.822 | J13: =IF(D13="","",ROUND(24*MAX(0,(NETWORKDAYS.INTL(INT(C13),INT(D13),11)-1)*(TIME(18,30,0)-TIME(10,0,0))+IF(NETWORKDAYS.INTL(INT(D13),INT(D13),11),MEDIAN(MOD(D13,1),TIME(18,30,0),TIME(10,0,0)),TIME(18,30,0))-IF(NETWORKDAYS.INTL(INT(C13),INT(C13),11),MEDIAN(MOD(C13,1),TIME(18,30,0),TIME(10,0,0)),TIME(10,0,0))),4)) -> 0.2333 | K13: {=IF(D13="","No Call",_xlfn.IFS(J13<=0.25,"<=15 min",J13<=0.5,"16-30 min",J13<=1,"31-60 min",TRUE,">60 min"))} -> <=15 min | L13: =_xlfn.XLOOKUP(A13,Lead_Data!A:A,Lead_Data!H:H,0) -> 0
A14: Lead_013 | B14: SALES_F | C14: 46203.617 | D14: 46203.64 | E14: 46203.807 | F14: 46204.223 | G14: 46205.473 | H14: 46205.932 | J14: =IF(D14="","",ROUND(24*MAX(0,(NETWORKDAYS.INTL(INT(C14),INT(D14),11)-1)*(TIME(18,30,0)-TIME(10,0,0))+IF(NETWORKDAYS.INTL(INT(D14),INT(D14),11),MEDIAN(MOD(D14,1),TIME(18,30,0),TIME(10,0,0)),TIME(18,30,0))-IF(NETWORKDAYS.INTL(INT(C14),INT(C14),11),MEDIAN(MOD(C14,1),TIME(18,30,0),TIME(10,0,0)),TIME(10,0,0))),4)) -> 0.55 | K14: {=IF(D14="","No Call",_xlfn.IFS(J14<=0.25,"<=15 min",J14<=0.5,"16-30 min",J14<=1,"31-60 min",TRUE,">60 min"))} -> 31-60 min | L14: =_xlfn.XLOOKUP(A14,Lead_Data!A:A,Lead_Data!H:H,0) -> 1
A15: Lead_014 | B15: FILT_B | C15: 46190.815 | D15: 46191.433 | J15: =IF(D15="","",ROUND(24*MAX(0,(NETWORKDAYS.INTL(INT(C15),INT(D15),11)-1)*(TIME(18,30,0)-TIME(10,0,0))+IF(NETWORKDAYS.INTL(INT(D15),INT(D15),11),MEDIAN(MOD(D15,1),TIME(18,30,0),TIME(10,0,0)),TIME(18,30,0))-IF(NETWORKDAYS.INTL(INT(C15),INT(C15),11),MEDIAN(MOD(C15,1),TIME(18,30,0),TIME(10,0,0)),TIME(10,0,0))),4)) -> 0.4002 | K15: {=IF(D15="","No Call",_xlfn.IFS(J15<=0.25,"<=15 min",J15<=0.5,"16-30 min",J15<=1,"31-60 min",TRUE,">60 min"))} -> 16-30 min | L15: =_xlfn.XLOOKUP(A15,Lead_Data!A:A,Lead_Data!H:H,0) -> 0
A16: Lead_015 | B16: FILT_E | C16: 46198.381 | D16: 46198.426 | E16: 46200.135 | J16: =IF(D16="","",ROUND(24*MAX(0,(NETWORKDAYS.INTL(INT(C16),INT(D16),11)-1)*(TIME(18,30,0)-TIME(10,0,0))+IF(NETWORKDAYS.INTL(INT(D16),INT(D16),11),MEDIAN(MOD(D16,1),TIME(18,30,0),TIME(10,0,0)),TIME(18,30,0))-IF(NETWORKDAYS.INTL(INT(C16),INT(C16),11),MEDIAN(MOD(C16,1),TIME(18,30,0),TIME(10,0,0)),TIME(10,0,0))),4)) -> 0.2336 | K16: {=IF(D16="","No Call",_xlfn.IFS(J16<=0.25,"<=15 min",J16<=0.5,"16-30 min",J16<=1,"31-60 min",TRUE,">60 min"))} -> <=15 min | L16: =_xlfn.XLOOKUP(A16,Lead_Data!A:A,Lead_Data!H:H,0) -> 0
A17: Lead_016 | B17: FILT_G | C17: 46199.851 | D17: 46200.463 | E17: 46202.213 | J17: =IF(D17="","",ROUND(24*MAX(0,(NETWORKDAYS.INTL(INT(C17),INT(D17),11)-1)*(TIME(18,30,0)-TIME(10,0,0))+IF(NETWORKDAYS.INTL(INT(D17),INT(D17),11),MEDIAN(MOD(D17,1),TIME(18,30,0),TIME(10,0,0)),TIME(18,30,0))-IF(NETWORKDAYS.INTL(INT(C17),INT(C17),11),MEDIAN(MOD(C17,1),TIME(18,30,0),TIME(10,0,0)),TIME(10,0,0))),4)) -> 1.1003 | K17: {=IF(D17="","No Call",_xlfn.IFS(J17<=0.25,"<=15 min",J17<=0.5,"16-30 min",J17<=1,"31-60 min",TRUE,">60 min"))} -> >60 min | L17: =_xlfn.XLOOKUP(A17,Lead_Data!A:A,Lead_Data!H:H,0) -> 0
A18: Lead_017 | B18: FILT_D | C18: 46196.645 | D18: 46196.653 | J18: =IF(D18="","",ROUND(24*MAX(0,(NETWORKDAYS.INTL(INT(C18),INT(D18),11)-1)*(TIME(18,30,0)-TIME(10,0,0))+IF(NETWORKDAYS.INTL(INT(D18),INT(D18),11),MEDIAN(MOD(D18,1),TIME(18,30,0),TIME(10,0,0)),TIME(18,30,0))-IF(NETWORKDAYS.INTL(INT(C18),INT(C18),11),MEDIAN(MOD(C18,1),TIME(18,30,0),TIME(10,0,0)),TIME(10,0,0))),4)) -> 0.2 | K18: {=IF(D18="","No Call",_xlfn.IFS(J18<=0.25,"<=15 min",J18<=0.5,"16-30 min",J18<=1,"31-60 min",TRUE,">60 min"))} -> <=15 min | L18: =_xlfn.XLOOKUP(A18,Lead_Data!A:A,Lead_Data!H:H,0) -> 0
A19: Lead_018 | B19: FILT_F | C19: 46204.604 | D19: 46204.615 | E19: 46205.032 | F19: 46205.323 | G19: 46205.99 | H19: 46206.99 | J19: =IF(D19="","",ROUND(24*MAX(0,(NETWORKDAYS.INTL(INT(C19),INT(D19),11)-1)*(TIME(18,30,0)-TIME(10,0,0))+IF(NETWORKDAYS.INTL(INT(D19),INT(D19),11),MEDIAN(MOD(D19,1),TIME(18,30,0),TIME(10,0,0)),TIME(18,30,0))-IF(NETWORKDAYS.INTL(INT(C19),INT(C19),11),MEDIAN(MOD(C19,1),TIME(18,30,0),TIME(10,0,0)),TIME(10,0,0))),4)) -> 0.2667 | K19: {=IF(D19="","No Call",_xlfn.IFS(J19<=0.25,"<=15 min",J19<=0.5,"16-30 min",J19<=1,"31-60 min",TRUE,">60 min"))} -> 16-30 min | L19: =_xlfn.XLOOKUP(A19,Lead_Data!A:A,Lead_Data!H:H,0) -> 1
A20: Lead_019 | B20: FILT_D | C20: 46182.205 | D20: 46182.433 | E20: 46183.433 | F20: 46183.225 | G20: 46183.892 | J20: =IF(D20="","",ROUND(24*MAX(0,(NETWORKDAYS.INTL(INT(C20),INT(D20),11)-1)*(TIME(18,30,0)-TIME(10,0,0))+IF(NETWORKDAYS.INTL(INT(D20),INT(D20),11),MEDIAN(MOD(D20,1),TIME(18,30,0),TIME(10,0,0)),TIME(18,30,0))-IF(NETWORKDAYS.INTL(INT(C20),INT(C20),11),MEDIAN(MOD(C20,1),TIME(18,30,0),TIME(10,0,0)),TIME(10,0,0))),4)) -> 0.4 | K20: {=IF(D20="","No Call",_xlfn.IFS(J20<=0.25,"<=15 min",J20<=0.5,"16-30 min",J20<=1,"31-60 min",TRUE,">60 min"))} -> 16-30 min | L20: =_xlfn.XLOOKUP(A20,Lead_Data!A:A,Lead_Data!H:H,0) -> 0
A21: Lead_020 | B21: FILT_G | C21: 46204.79 | D21: 46205.433 | E21: 46206.975 | J21: =IF(D21="","",ROUND(24*MAX(0,(NETWORKDAYS.INTL(INT(C21),INT(D21),11)-1)*(TIME(18,30,0)-TIME(10,0,0))+IF(NETWORKDAYS.INTL(INT(D21),INT(D21),11),MEDIAN(MOD(D21,1),TIME(18,30,0),TIME(10,0,0)),TIME(18,30,0))-IF(NETWORKDAYS.INTL(INT(C21),INT(C21),11),MEDIAN(MOD(C21,1),TIME(18,30,0),TIME(10,0,0)),TIME(10,0,0))),4)) -> 0.4002 | K21: {=IF(D21="","No Call",_xlfn.IFS(J21<=0.25,"<=15 min",J21<=0.5,"16-30 min",J21<=1,"31-60 min",TRUE,">60 min"))} -> 16-30 min | L21: =_xlfn.XLOOKUP(A21,Lead_Data!A:A,Lead_Data!H:H,0) -> 0
A22: Lead_021 | B22: OTHER_2 | C22: 46205.396 | D22: 46205.444 | E22: 46207.194 | J22: =IF(D22="","",ROUND(24*MAX(0,(NETWORKDAYS.INTL(INT(C22),INT(D22),11)-1)*(TIME(18,30,0)-TIME(10,0,0))+IF(NETWORKDAYS.INTL(INT(D22),INT(D22),11),MEDIAN(MOD(D22,1),TIME(18,30,0),TIME(10,0,0)),TIME(18,30,0))-IF(NETWORKDAYS.INTL(INT(C22),INT(C22),11),MEDIAN(MOD(C22,1),TIME(18,30,0),TIME(10,0,0)),TIME(10,0,0))),4)) -> 0.6502 | K22: {=IF(D22="","No Call",_xlfn.IFS(J22<=0.25,"<=15 min",J22<=0.5,"16-30 min",J22<=1,"31-60 min",TRUE,">60 min"))} -> 31-60 min | L22: =_xlfn.XLOOKUP(A22,Lead_Data!A:A,Lead_Data!H:H,0) -> 0
A23: Lead_022 | B23: FILT_A | C23: 46186.746 | D23: 46186.752 | J23: =IF(D23="","",ROUND(24*MAX(0,(NETWORKDAYS.INTL(INT(C23),INT(D23),11)-1)*(TIME(18,30,0)-TIME(10,0,0))+IF(NETWORKDAYS.INTL(INT(D23),INT(D23),11),MEDIAN(MOD(D23,1),TIME(18,30,0),TIME(10,0,0)),TIME(18,30,0))-IF(NETWORKDAYS.INTL(INT(C23),INT(C23),11),MEDIAN(MOD(C23,1),TIME(18,30,0),TIME(10,0,0)),TIME(10,0,0))),4)) -> 0.15 | K23: {=IF(D23="","No Call",_xlfn.IFS(J23<=0.25,"<=15 min",J23<=0.5,"16-30 min",J23<=1,"31-60 min",TRUE,">60 min"))} -> <=15 min | L23: =_xlfn.XLOOKUP(A23,Lead_Data!A:A,Lead_Data!H:H,0) -> 0
A24: Lead_023 | B24: FILT_E | C24: 46181.466 | D24: 46181.476 | E24: 46182.476 | J24: =IF(D24="","",ROUND(24*MAX(0,(NETWORKDAYS.INTL(INT(C24),INT(D24),11)-1)*(TIME(18,30,0)-TIME(10,0,0))+IF(NETWORKDAYS.INTL(INT(D24),INT(D24),11),MEDIAN(MOD(D24,1),TIME(18,30,0),TIME(10,0,0)),TIME(18,30,0))-IF(NETWORKDAYS.INTL(INT(C24),INT(C24),11),MEDIAN(MOD(C24,1),TIME(18,30,0),TIME(10,0,0)),TIME(10,0,0))),4)) -> 0.25 | K24: {=IF(D24="","No Call",_xlfn.IFS(J24<=0.25,"<=15 min",J24<=0.5,"16-30 min",J24<=1,"31-60 min",TRUE,">60 min"))} -> <=15 min | L24: =_xlfn.XLOOKUP(A24,Lead_Data!A:A,Lead_Data!H:H,0) -> 0
A25: Lead_024 | B25: FILT_G | C25: 46202.84 | D25: 46203.434 | J25: =IF(D25="","",ROUND(24*MAX(0,(NETWORKDAYS.INTL(INT(C25),INT(D25),11)-1)*(TIME(18,30,0)-TIME(10,0,0))+IF(NETWORKDAYS.INTL(INT(D25),INT(D25),11),MEDIAN(MOD(D25,1),TIME(18,30,0),TIME(10,0,0)),TIME(18,30,0))-IF(NETWORKDAYS.INTL(INT(C25),INT(C25),11),MEDIAN(MOD(C25,1),TIME(18,30,0),TIME(10,0,0)),TIME(10,0,0))),4)) -> 0.4168 | K25: {=IF(D25="","No Call",_xlfn.IFS(J25<=0.25,"<=15 min",J25<=0.5,"16-30 min",J25<=1,"31-60 min",TRUE,">60 min"))} -> 16-30 min | L25: =_xlfn.XLOOKUP(A25,Lead_Data!A:A,Lead_Data!H:H,0) -> 0
A26: Lead_025 | B26: FILT_C | C26: 46195.454 | D26: 46195.464 | E26: 46196.381 | F26: 46196.047 | G26: 46196.922 | H26: 46198.381 | J26: =IF(D26="","",ROUND(24*MAX(0,(NETWORKDAYS.INTL(INT(C26),INT(D26),11)-1)*(TIME(18,30,0)-TIME(10,0,0))+IF(NETWORKDAYS.INTL(INT(D26),INT(D26),11),MEDIAN(MOD(D26,1),TIME(18,30,0),TIME(10,0,0)),TIME(18,30,0))-IF(NETWORKDAYS.INTL(INT(C26),INT(C26),11),MEDIAN(MOD(C26,1),TIME(18,30,0),TIME(10,0,0)),TIME(10,0,0))),4)) -> 0.25 | K26: {=IF(D26="","No Call",_xlfn.IFS(J26<=0.25,"<=15 min",J26<=0.5,"16-30 min",J26<=1,"31-60 min",TRUE,">60 min"))} -> <=15 min | L26: =_xlfn.XLOOKUP(A26,Lead_Data!A:A,Lead_Data!H:H,0) -> 1
A27: Lead_026 | B27: FILT_A | C27: 46198.046 | D27: 46198.424 | E27: 46200.382 | J27: =IF(D27="","",ROUND(24*MAX(0,(NETWORKDAYS.INTL(INT(C27),INT(D27),11)-1)*(TIME(18,30,0)-TIME(10,0,0))+IF(NETWORKDAYS.INTL(INT(D27),INT(D27),11),MEDIAN(MOD(D27,1),TIME(18,30,0),TIME(10,0,0)),TIME(18,30,0))-IF(NETWORKDAYS.INTL(INT(C27),INT(C27),11),MEDIAN(MOD(C27,1),TIME(18,30,0),TIME(10,0,0)),TIME(10,0,0))),4)) -> 0.1669 | K27: {=IF(D27="","No Call",_xlfn.IFS(J27<=0.25,"<=15 min",J27<=0.5,"16-30 min",J27<=1,"31-60 min",TRUE,">60 min"))} -> <=15 min | L27: =_xlfn.XLOOKUP(A27,Lead_Data!A:A,Lead_Data!H:H,0) -> 0
A28: Lead_027 | B28: FILT_D | C28: 46197.615 | D28: 46197.62 | J28: =IF(D28="","",ROUND(24*MAX(0,(NETWORKDAYS.INTL(INT(C28),INT(D28),11)-1)*(TIME(18,30,0)-TIME(10,0,0))+IF(NETWORKDAYS.INTL(INT(D28),INT(D28),11),MEDIAN(MOD(D28,1),TIME(18,30,0),TIME(10,0,0)),TIME(18,30,0))-IF(NETWORKDAYS.INTL(INT(C28),INT(C28),11),MEDIAN(MOD(C28,1),TIME(18,30,0),TIME(10,0,0)),TIME(10,0,0))),4)) -> 0.1167 | K28: {=IF(D28="","No Call",_xlfn.IFS(J28<=0.25,"<=15 min",J28<=0.5,"16-30 min",J28<=1,"31-60 min",TRUE,">60 min"))} -> <=15 min | L28: =_xlfn.XLOOKUP(A28,Lead_Data!A:A,Lead_Data!H:H,0) -> 0
A29: Lead_028 | B29: FILT_C | C29: 46190.781 | D29: 46191.431 | E29: 46193.389 | J29: =IF(D29="","",ROUND(24*MAX(0,(NETWORKDAYS.INTL(INT(C29),INT(D29),11)-1)*(TIME(18,30,0)-TIME(10,0,0))+IF(NETWORKDAYS.INTL(INT(D29),INT(D29),11),MEDIAN(MOD(D29,1),TIME(18,30,0),TIME(10,0,0)),TIME(18,30,0))-IF(NETWORKDAYS.INTL(INT(C29),INT(C29),11),MEDIAN(MOD(C29,1),TIME(18,30,0),TIME(10,0,0)),TIME(10,0,0))),4)) -> 0.3335 | K29: {=IF(D29="","No Call",_xlfn.IFS(J29<=0.25,"<=15 min",J29<=0.5,"16-30 min",J29<=1,"31-60 min",TRUE,">60 min"))} -> 16-30 min | L29: =_xlfn.XLOOKUP(A29,Lead_Data!A:A,Lead_Data!H:H,0) -> 0
A30: Lead_029 | B30: FILT_A | C30: 46202.491 | D30: 46202.495 | J30: =IF(D30="","",ROUND(24*MAX(0,(NETWORKDAYS.INTL(INT(C30),INT(D30),11)-1)*(TIME(18,30,0)-TIME(10,0,0))+IF(NETWORKDAYS.INTL(INT(D30),INT(D30),11),MEDIAN(MOD(D30,1),TIME(18,30,0),TIME(10,0,0)),TIME(18,30,0))-IF(NETWORKDAYS.INTL(INT(C30),INT(C30),11),MEDIAN(MOD(C30,1),TIME(18,30,0),TIME(10,0,0)),TIME(10,0,0))),4)) -> 0.1 | K30: {=IF(D30="","No Call",_xlfn.IFS(J30<=0.25,"<=15 min",J30<=0.5,"16-30 min",J30<=1,"31-60 min",TRUE,">60 min"))} -> <=15 min | L30: =_xlfn.XLOOKUP(A30,Lead_Data!A:A,Lead_Data!H:H,0) -> 0
A31: Lead_030 | B31: FILT_B | C31: 46193.361 | J31: =IF(D31="","",ROUND(24*MAX(0,(NETWORKDAYS.INTL(INT(C31),INT(D31),11)-1)*(TIME(18,30,0)-TIME(10,0,0))+IF(NETWORKDAYS.INTL(INT(D31),INT(D31),11),MEDIAN(MOD(D31,1),TIME(18,30,0),TIME(10,0,0)),TIME(18,30,0))-IF(NETWORKDAYS.INTL(INT(C31),INT(C31),11),MEDIAN(MOD(C31,1),TIME(18,30,0),TIME(10,0,0)),TIME(10,0,0))),4)) | K31: {=IF(D31="","No Call",_xlfn.IFS(J31<=0.25,"<=15 min",J31<=0.5,"16-30 min",J31<=1,"31-60 min",TRUE,">60 min"))} -> No Call | L31: =_xlfn.XLOOKUP(A31,Lead_Data!A:A,Lead_Data!H:H,0) -> 0
A32: Lead_031 | B32: FILT_B | C32: 46193.469 | D32: 46193.514 | E32: 46194.055 | F32: 46193.889 | G32: 46195.014 | J32: =IF(D32="","",ROUND(24*MAX(0,(NETWORKDAYS.INTL(INT(C32),INT(D32),11)-1)*(TIME(18,30,0)-TIME(10,0,0))+IF(NETWORKDAYS.INTL(INT(D32),INT(D32),11),MEDIAN(MOD(D32,1),TIME(18,30,0),TIME(10,0,0)),TIME(18,30,0))-IF(NETWORKDAYS.INTL(INT(C32),INT(C32),11),MEDIAN(MOD(C32,1),TIME(18,30,0),TIME(10,0,0)),TIME(10,0,0))),4)) -> 1.0667 | K32: {=IF(D32="","No Call",_xlfn.IFS(J32<=0.25,"<=15 min",J32<=0.5,"16-30 min",J32<=1,"31-60 min",TRUE,">60 min"))} -> >60 min | L32: =_xlfn.XLOOKUP(A32,Lead_Data!A:A,Lead_Data!H:H,0) -> 0
A33: Lead_032 | B33: FILT_A | C33: 46190.512 | D33: 46190.515 | E33: 46191.39 | F33: 46190.557 | G33: 46191.765 | J33: =IF(D33="","",ROUND(24*MAX(0,(NETWORKDAYS.INTL(INT(C33),INT(D33),11)-1)*(TIME(18,30,0)-TIME(10,0,0))+IF(NETWORKDAYS.INTL(INT(D33),INT(D33),11),MEDIAN(MOD(D33,1),TIME(18,30,0),TIME(10,0,0)),TIME(18,30,0))-IF(NETWORKDAYS.INTL(INT(C33),INT(C33),11),MEDIAN(MOD(C33,1),TIME(18,30,0),TIME(10,0,0)),TIME(10,0,0))),4)) -> 0.0833 | K33: {=IF(D33="","No Call",_xlfn.IFS(J33<=0.25,"<=15 min",J33<=0.5,"16-30 min",J33<=1,"31-60 min",TRUE,">60 min"))} -> <=15 min | L33: =_xlfn.XLOOKUP(A33,Lead_Data!A:A,Lead_Data!H:H,0) -> 0
A34: Lead_033 | B34: FILT_A | C34: 46206.587 | D34: 46206.595 | J34: =IF(D34="","",ROUND(24*MAX(0,(NETWORKDAYS.INTL(INT(C34),INT(D34),11)-1)*(TIME(18,30,0)-TIME(10,0,0))+IF(NETWORKDAYS.INTL(INT(D34),INT(D34),11),MEDIAN(MOD(D34,1),TIME(18,30,0),TIME(10,0,0)),TIME(18,30,0))-IF(NETWORKDAYS.INTL(INT(C34),INT(C34),11),MEDIAN(MOD(C34,1),TIME(18,30,0),TIME(10,0,0)),TIME(10,0,0))),4)) -> 0.1833 | K34: {=IF(D34="","No Call",_xlfn.IFS(J34<=0.25,"<=15 min",J34<=0.5,"16-30 min",J34<=1,"31-60 min",TRUE,">60 min"))} -> <=15 min | L34: =_xlfn.XLOOKUP(A34,Lead_Data!A:A,Lead_Data!H:H,0) -> 0
A35: Lead_034 | B35: FILT_F | C35: 46200.669 | D35: 46200.68 | E35: 46201.721 | J35: =IF(D35="","",ROUND(24*MAX(0,(NETWORKDAYS.INTL(INT(C35),INT(D35),11)-1)*(TIME(18,30,0)-TIME(10,0,0))+IF(NETWORKDAYS.INTL(INT(D35),INT(D35),11),MEDIAN(MOD(D35,1),TIME(18,30,0),TIME(10,0,0)),TIME(18,30,0))-IF(NETWORKDAYS.INTL(INT(C35),INT(C35),11),MEDIAN(MOD(C35,1),TIME(18,30,0),TIME(10,0,0)),TIME(10,0,0))),4)) -> 0.25 | K35: {=IF(D35="","No Call",_xlfn.IFS(J35<=0.25,"<=15 min",J35<=0.5,"16-30 min",J35<=1,"31-60 min",TRUE,">60 min"))} -> <=15 min | L35: =_xlfn.XLOOKUP(A35,Lead_Data!A:A,Lead_Data!H:H,0) -> 0
A36: Lead_035 | B36: SALES_B | C36: 46182.768 | D36: 46183.44 | E36: 46184.023 | F36: 46183.857 | G36: 46185.065 | J36: =IF(D36="","",ROUND(24*MAX(0,(NETWORKDAYS.INTL(INT(C36),INT(D36),11)-1)*(TIME(18,30,0)-TIME(10,0,0))+IF(NETWORKDAYS.INTL(INT(D36),INT(D36),11),MEDIAN(MOD(D36,1),TIME(18,30,0),TIME(10,0,0)),TIME(18,30,0))-IF(NETWORKDAYS.INTL(INT(C36),INT(C36),11),MEDIAN(MOD(C36,1),TIME(18,30,0),TIME(10,0,0)),TIME(10,0,0))),4)) -> 0.6333 | K36: {=IF(D36="","No Call",_xlfn.IFS(J36<=0.25,"<=15 min",J36<=0.5,"16-30 min",J36<=1,"31-60 min",TRUE,">60 min"))} -> 31-60 min | L36: =_xlfn.XLOOKUP(A36,Lead_Data!A:A,Lead_Data!H:H,0) -> 0
A37: Lead_036 | B37: FILT_C | C37: 46205.59 | D37: 46205.598 | J37: =IF(D37="","",ROUND(24*MAX(0,(NETWORKDAYS.INTL(INT(C37),INT(D37),11)-1)*(TIME(18,30,0)-TIME(10,0,0))+IF(NETWORKDAYS.INTL(INT(D37),INT(D37),11),MEDIAN(MOD(D37,1),TIME(18,30,0),TIME(10,0,0)),TIME(18,30,0))-IF(NETWORKDAYS.INTL(INT(C37),INT(C37),11),MEDIAN(MOD(C37,1),TIME(18,30,0),TIME(10,0,0)),TIME(10,0,0))),4)) -> 0.1833 | K37: {=IF(D37="","No Call",_xlfn.IFS(J37<=0.25,"<=15 min",J37<=0.5,"16-30 min",J37<=1,"31-60 min",TRUE,">60 min"))} -> <=15 min | L37: =_xlfn.XLOOKUP(A37,Lead_Data!A:A,Lead_Data!H:H,0) -> 0
A38: Lead_037 | B38: OTHER_1 | C38: 46188.366 | D38: 46188.453 | E38: 46189.203 | J38: =IF(D38="","",ROUND(24*MAX(0,(NETWORKDAYS.INTL(INT(C38),INT(D38),11)-1)*(TIME(18,30,0)-TIME(10,0,0))+IF(NETWORKDAYS.INTL(INT(D38),INT(D38),11),MEDIAN(MOD(D38,1),TIME(18,30,0),TIME(10,0,0)),TIME(18,30,0))-IF(NETWORKDAYS.INTL(INT(C38),INT(C38),11),MEDIAN(MOD(C38,1),TIME(18,30,0),TIME(10,0,0)),TIME(10,0,0))),4)) -> 0.8835 | K38: {=IF(D38="","No Call",_xlfn.IFS(J38<=0.25,"<=15 min",J38<=0.5,"16-30 min",J38<=1,"31-60 min",TRUE,">60 min"))} -> 31-60 min | L38: =_xlfn.XLOOKUP(A38,Lead_Data!A:A,Lead_Data!H:H,0) -> 0
A39: Lead_038 | B39: FILT_B | C39: 46182.482 | D39: 46182.503 | J39: =IF(D39="","",ROUND(24*MAX(0,(NETWORKDAYS.INTL(INT(C39),INT(D39),11)-1)*(TIME(18,30,0)-TIME(10,0,0))+IF(NETWORKDAYS.INTL(INT(D39),INT(D39),11),MEDIAN(MOD(D39,1),TIME(18,30,0),TIME(10,0,0)),TIME(18,30,0))-IF(NETWORKDAYS.INTL(INT(C39),INT(C39),11),MEDIAN(MOD(C39,1),TIME(18,30,0),TIME(10,0,0)),TIME(10,0,0))),4)) -> 0.5167 | K39: {=IF(D39="","No Call",_xlfn.IFS(J39<=0.25,"<=15 min",J39<=0.5,"16-30 min",J39<=1,"31-60 min",TRUE,">60 min"))} -> 31-60 min | L39: =_xlfn.XLOOKUP(A39,Lead_Data!A:A,Lead_Data!H:H,0) -> 0
A40: Lead_039 | B40: FILT_C | C40: 46209.618 | D40: 46209.619 | E40: 46210.411 | F40: 46210.244 | G40: 46210.452 | J40: =IF(D40="","",ROUND(24*MAX(0,(NETWORKDAYS.INTL(INT(C40),INT(D40),11)-1)*(TIME(18,30,0)-TIME(10,0,0))+IF(NETWORKDAYS.INTL(INT(D40),INT(D40),11),MEDIAN(MOD(D40,1),TIME(18,30,0),TIME(10,0,0)),TIME(18,30,0))-IF(NETWORKDAYS.INTL(INT(C40),INT(C40),11),MEDIAN(MOD(C40,1),TIME(18,30,0),TIME(10,0,0)),TIME(10,0,0))),4)) -> 0.0167 | K40: {=IF(D40="","No Call",_xlfn.IFS(J40<=0.25,"<=15 min",J40<=0.5,"16-30 min",J40<=1,"31-60 min",TRUE,">60 min"))} -> <=15 min | L40: =_xlfn.XLOOKUP(A40,Lead_Data!A:A,Lead_Data!H:H,0) -> 0
A41: Lead_040 | B41: FILT_D | C41: 46205.667 | D41: 46205.671 | E41: 46205.963 | J41: =IF(D41="","",ROUND(24*MAX(0,(NETWORKDAYS.INTL(INT(C41),INT(D41),11)-1)*(TIME(18,30,0)-TIME(10,0,0))+IF(NETWORKDAYS.INTL(INT(D41),INT(D41),11),MEDIAN(MOD(D41,1),TIME(18,30,0),TIME(10,0,0)),TIME(18,30,0))-IF(NETWORKDAYS.INTL(INT(C41),INT(C41),11),MEDIAN(MOD(C41,1),TIME(18,30,0),TIME(10,0,0)),TIME(10,0,0))),4)) -> 0.1 | K41: {=IF(D41="","No Call",_xlfn.IFS(J41<=0.25,"<=15 min",J41<=0.5,"16-30 min",J41<=1,"31-60 min",TRUE,">60 min"))} -> <=15 min | L41: =_xlfn.XLOOKUP(A41,Lead_Data!A:A,Lead_Data!H:H,0) -> 0
A42: Lead_041 | B42: FILT_A | C42: 46195.399 | D42: 46195.421 | J42: =IF(D42="","",ROUND(24*MAX(0,(NETWORKDAYS.INTL(INT(C42),INT(D42),11)-1)*(TIME(18,30,0)-TIME(10,0,0))+IF(NETWORKDAYS.INTL(INT(D42),INT(D42),11),MEDIAN(MOD(D42,1),TIME(18,30,0),TIME(10,0,0)),TIME(18,30,0))-IF(NETWORKDAYS.INTL(INT(C42),INT(C42),11),MEDIAN(MOD(C42,1),TIME(18,30,0),TIME(10,0,0)),TIME(10,0,0))),4)) -> 0.1001 | K42: {=IF(D42="","No Call",_xlfn.IFS(J42<=0.25,"<=15 min",J42<=0.5,"16-30 min",J42<=1,"31-60 min",TRUE,">60 min"))} -> <=15 min | L42: =_xlfn.XLOOKUP(A42,Lead_Data!A:A,Lead_Data!H:H,0) -> 0
A43: Lead_042 | B43: FILT_E | C43: 46185.222 | D43: 46185.43 | E43: 46185.763 | J43: =IF(D43="","",ROUND(24*MAX(0,(NETWORKDAYS.INTL(INT(C43),INT(D43),11)-1)*(TIME(18,30,0)-TIME(10,0,0))+IF(NETWORKDAYS.INTL(INT(D43),INT(D43),11),MEDIAN(MOD(D43,1),TIME(18,30,0),TIME(10,0,0)),TIME(18,30,0))-IF(NETWORKDAYS.INTL(INT(C43),INT(C43),11),MEDIAN(MOD(C43,1),TIME(18,30,0),TIME(10,0,0)),TIME(10,0,0))),4)) -> 0.3168 | K43: {=IF(D43="","No Call",_xlfn.IFS(J43<=0.25,"<=15 min",J43<=0.5,"16-30 min",J43<=1,"31-60 min",TRUE,">60 min"))} -> 16-30 min | L43: =_xlfn.XLOOKUP(A43,Lead_Data!A:A,Lead_Data!H:H,0) -> 0
A44: Lead_043 | B44: FILT_A | C44: 46185.262 | D44: 46185.422 | E44: 46185.589 | F44: 46186.214 | G44: 46187.422 | H44: 46188.672 | J44: =IF(D44="","",ROUND(24*MAX(0,(NETWORKDAYS.INTL(INT(C44),INT(D44),11)-1)*(TIME(18,30,0)-TIME(10,0,0))+IF(NETWORKDAYS.INTL(INT(D44),INT(D44),11),MEDIAN(MOD(D44,1),TIME(18,30,0),TIME(10,0,0)),TIME(18,30,0))-IF(NETWORKDAYS.INTL(INT(C44),INT(C44),11),MEDIAN(MOD(C44,1),TIME(18,30,0),TIME(10,0,0)),TIME(10,0,0))),4)) -> 0.1335 | K44: {=IF(D44="","No Call",_xlfn.IFS(J44<=0.25,"<=15 min",J44<=0.5,"16-30 min",J44<=1,"31-60 min",TRUE,">60 min"))} -> <=15 min | L44: =_xlfn.XLOOKUP(A44,Lead_Data!A:A,Lead_Data!H:H,0) -> 1
A45: Lead_044 | B45: FILT_G | C45: 46190.526 | D45: 46190.529 | E45: 46190.737 | J45: =IF(D45="","",ROUND(24*MAX(0,(NETWORKDAYS.INTL(INT(C45),INT(D45),11)-1)*(TIME(18,30,0)-TIME(10,0,0))+IF(NETWORKDAYS.INTL(INT(D45),INT(D45),11),MEDIAN(MOD(D45,1),TIME(18,30,0),TIME(10,0,0)),TIME(18,30,0))-IF(NETWORKDAYS.INTL(INT(C45),INT(C45),11),MEDIAN(MOD(C45,1),TIME(18,30,0),TIME(10,0,0)),TIME(10,0,0))),4)) -> 0.0667 | K45: {=IF(D45="","No Call",_xlfn.IFS(J45<=0.25,"<=15 min",J45<=0.5,"16-30 min",J45<=1,"31-60 min",TRUE,">60 min"))} -> <=15 min | L45: =_xlfn.XLOOKUP(A45,Lead_Data!A:A,Lead_Data!H:H,0) -> 0
A46: Lead_045 | B46: FILT_F | C46: 46203.481 | D46: 46203.498 | J46: =IF(D46="","",ROUND(24*MAX(0,(NETWORKDAYS.INTL(INT(C46),INT(D46),11)-1)*(TIME(18,30,0)-TIME(10,0,0))+IF(NETWORKDAYS.INTL(INT(D46),INT(D46),11),MEDIAN(MOD(D46,1),TIME(18,30,0),TIME(10,0,0)),TIME(18,30,0))-IF(NETWORKDAYS.INTL(INT(C46),INT(C46),11),MEDIAN(MOD(C46,1),TIME(18,30,0),TIME(10,0,0)),TIME(10,0,0))),4)) -> 0.4 | K46: {=IF(D46="","No Call",_xlfn.IFS(J46<=0.25,"<=15 min",J46<=0.5,"16-30 min",J46<=1,"31-60 min",TRUE,">60 min"))} -> 16-30 min | L46: =_xlfn.XLOOKUP(A46,Lead_Data!A:A,Lead_Data!H:H,0) -> 0
A47: Lead_046 | B47: FILT_G | C47: 46190.493 | D47: 46190.507 | J47: =IF(D47="","",ROUND(24*MAX(0,(NETWORKDAYS.INTL(INT(C47),INT(D47),11)-1)*(TIME(18,30,0)-TIME(10,0,0))+IF(NETWORKDAYS.INTL(INT(D47),INT(D47),11),MEDIAN(MOD(D47,1),TIME(18,30,0),TIME(10,0,0)),TIME(18,30,0))-IF(NETWORKDAYS.INTL(INT(C47),INT(C47),11),MEDIAN(MOD(C47,1),TIME(18,30,0),TIME(10,0,0)),TIME(10,0,0))),4)) -> 0.3333 | K47: {=IF(D47="","No Call",_xlfn.IFS(J47<=0.25,"<=15 min",J47<=0.5,"16-30 min",J47<=1,"31-60 min",TRUE,">60 min"))} -> 16-30 min | L47: =_xlfn.XLOOKUP(A47,Lead_Data!A:A,Lead_Data!H:H,0) -> 0
A48: Lead_047 | B48: FILT_G | C48: 46197.463 | D48: 46197.494 | E48: 46198.827 | J48: =IF(D48="","",ROUND(24*MAX(0,(NETWORKDAYS.INTL(INT(C48),INT(D48),11)-1)*(TIME(18,30,0)-TIME(10,0,0))+IF(NETWORKDAYS.INTL(INT(D48),INT(D48),11),MEDIAN(MOD(D48,1),TIME(18,30,0),TIME(10,0,0)),TIME(18,30,0))-IF(NETWORKDAYS.INTL(INT(C48),INT(C48),11),MEDIAN(MOD(C48,1),TIME(18,30,0),TIME(10,0,0)),TIME(10,0,0))),4)) -> 0.7333 | K48: {=IF(D48="","No Call",_xlfn.IFS(J48<=0.25,"<=15 min",J48<=0.5,"16-30 min",J48<=1,"31-60 min",TRUE,">60 min"))} -> 31-60 min | L48: =_xlfn.XLOOKUP(A48,Lead_Data!A:A,Lead_Data!H:H,0) -> 0
A49: Lead_048 | B49: FILT_F | C49: 46206.679 | D49: 46206.696 | E49: 46207.571 | J49: =IF(D49="","",ROUND(24*MAX(0,(NETWORKDAYS.INTL(INT(C49),INT(D49),11)-1)*(TIME(18,30,0)-TIME(10,0,0))+IF(NETWORKDAYS.INTL(INT(D49),INT(D49),11),MEDIAN(MOD(D49,1),TIME(18,30,0),TIME(10,0,0)),TIME(18,30,0))-IF(NETWORKDAYS.INTL(INT(C49),INT(C49),11),MEDIAN(MOD(C49,1),TIME(18,30,0),TIME(10,0,0)),TIME(10,0,0))),4)) -> 0.4167 | K49: {=IF(D49="","No Call",_xlfn.IFS(J49<=0.25,"<=15 min",J49<=0.5,"16-30 min",J49<=1,"31-60 min",TRUE,">60 min"))} -> 16-30 min | L49: =_xlfn.XLOOKUP(A49,Lead_Data!A:A,Lead_Data!H:H,0) -> 0
A50: Lead_049 | B50: FILT_G | C50: 46190.832 | D50: 46191.444 | J50: =IF(D50="","",ROUND(24*MAX(0,(NETWORKDAYS.INTL(INT(C50),INT(D50),11)-1)*(TIME(18,30,0)-TIME(10,0,0))+IF(NETWORKDAYS.INTL(INT(D50),INT(D50),11),MEDIAN(MOD(D50,1),TIME(18,30,0),TIME(10,0,0)),TIME(18,30,0))-IF(NETWORKDAYS.INTL(INT(C50),INT(C50),11),MEDIAN(MOD(C50,1),TIME(18,30,0),TIME(10,0,0)),TIME(10,0,0))),4)) -> 0.6501 | K50: {=IF(D50="","No Call",_xlfn.IFS(J50<=0.25,"<=15 min",J50<=0.5,"16-30 min",J50<=1,"31-60 min",TRUE,">60 min"))} -> 31-60 min | L50: =_xlfn.XLOOKUP(A50,Lead_Data!A:A,Lead_Data!H:H,0) -> 0
A51: Lead_050 | B51: FILT_C | C51: 46191.226 | D51: 46191.427 | J51: =IF(D51="","",ROUND(24*MAX(0,(NETWORKDAYS.INTL(INT(C51),INT(D51),11)-1)*(TIME(18,30,0)-TIME(10,0,0))+IF(NETWORKDAYS.INTL(INT(D51),INT(D51),11),MEDIAN(MOD(D51,1),TIME(18,30,0),TIME(10,0,0)),TIME(18,30,0))-IF(NETWORKDAYS.INTL(INT(C51),INT(C51),11),MEDIAN(MOD(C51,1),TIME(18,30,0),TIME(10,0,0)),TIME(10,0,0))),4)) -> 0.2502 | K51: {=IF(D51="","No Call",_xlfn.IFS(J51<=0.25,"<=15 min",J51<=0.5,"16-30 min",J51<=1,"31-60 min",TRUE,">60 min"))} -> 16-30 min | L51: =_xlfn.XLOOKUP(A51,Lead_Data!A:A,Lead_Data!H:H,0) -> 0
A52: Lead_051 | B52: FILT_A | C52: 46185.746 | D52: 46185.754 | E52: 46186.421 | F52: 46186.546 | G52: 46187.171 | H52: 46188.671 | J52: =IF(D52="","",ROUND(24*MAX(0,(NETWORKDAYS.INTL(INT(C52),INT(D52),11)-1)*(TIME(18,30,0)-TIME(10,0,0))+IF(NETWORKDAYS.INTL(INT(D52),INT(D52),11),MEDIAN(MOD(D52,1),TIME(18,30,0),TIME(10,0,0)),TIME(18,30,0))-IF(NETWORKDAYS.INTL(INT(C52),INT(C52),11),MEDIAN(MOD(C52,1),TIME(18,30,0),TIME(10,0,0)),TIME(10,0,0))),4)) -> 0.1833 | K52: {=IF(D52="","No Call",_xlfn.IFS(J52<=0.25,"<=15 min",J52<=0.5,"16-30 min",J52<=1,"31-60 min",TRUE,">60 min"))} -> <=15 min | L52: =_xlfn.XLOOKUP(A52,Lead_Data!A:A,Lead_Data!H:H,0) -> 1
A53: Lead_052 | B53: FILT_F | C53: 46210.396 | D53: 46210.422 | J53: =IF(D53="","",ROUND(24*MAX(0,(NETWORKDAYS.INTL(INT(C53),INT(D53),11)-1)*(TIME(18,30,0)-TIME(10,0,0))+IF(NETWORKDAYS.INTL(INT(D53),INT(D53),11),MEDIAN(MOD(D53,1),TIME(18,30,0),TIME(10,0,0)),TIME(18,30,0))-IF(NETWORKDAYS.INTL(INT(C53),INT(C53),11),MEDIAN(MOD(C53,1),TIME(18,30,0),TIME(10,0,0)),TIME(10,0,0))),4)) -> 0.1168 | K53: {=IF(D53="","No Call",_xlfn.IFS(J53<=0.25,"<=15 min",J53<=0.5,"16-30 min",J53<=1,"31-60 min",TRUE,">60 min"))} -> <=15 min | L53: =_xlfn.XLOOKUP(A53,Lead_Data!A:A,Lead_Data!H:H,0) -> 0
A54: Lead_053 | B54: FILT_F | C54: 46181.385 | D54: 46181.421 | J54: =IF(D54="","",ROUND(24*MAX(0,(NETWORKDAYS.INTL(INT(C54),INT(D54),11)-1)*(TIME(18,30,0)-TIME(10,0,0))+IF(NETWORKDAYS.INTL(INT(D54),INT(D54),11),MEDIAN(MOD(D54,1),TIME(18,30,0),TIME(10,0,0)),TIME(18,30,0))-IF(NETWORKDAYS.INTL(INT(C54),INT(C54),11),MEDIAN(MOD(C54,1),TIME(18,30,0),TIME(10,0,0)),TIME(10,0,0))),4)) -> 0.1 | K54: {=IF(D54="","No Call",_xlfn.IFS(J54<=0.25,"<=15 min",J54<=0.5,"16-30 min",J54<=1,"31-60 min",TRUE,">60 min"))} -> <=15 min | L54: =_xlfn.XLOOKUP(A54,Lead_Data!A:A,Lead_Data!H:H,0) -> 0
A55: Lead_054 | B55: OTHER_2 | C55: 46198.407 | D55: 46198.449 | J55: =IF(D55="","",ROUND(24*MAX(0,(NETWORKDAYS.INTL(INT(C55),INT(D55),11)-1)*(TIME(18,30,0)-TIME(10,0,0))+IF(NETWORKDAYS.INTL(INT(D55),INT(D55),11),MEDIAN(MOD(D55,1),TIME(18,30,0),TIME(10,0,0)),TIME(18,30,0))-IF(NETWORKDAYS.INTL(INT(C55),INT(C55),11),MEDIAN(MOD(C55,1),TIME(18,30,0),TIME(10,0,0)),TIME(10,0,0))),4)) -> 0.7668 | K55: {=IF(D55="","No Call",_xlfn.IFS(J55<=0.25,"<=15 min",J55<=0.5,"16-30 min",J55<=1,"31-60 min",TRUE,">60 min"))} -> 31-60 min | L55: =_xlfn.XLOOKUP(A55,Lead_Data!A:A,Lead_Data!H:H,0) -> 0
A56: Lead_055 | B56: FILT_D | C56: 46203.787 | D56: 46204.423 | J56: =IF(D56="","",ROUND(24*MAX(0,(NETWORKDAYS.INTL(INT(C56),INT(D56),11)-1)*(TIME(18,30,0)-TIME(10,0,0))+IF(NETWORKDAYS.INTL(INT(D56),INT(D56),11),MEDIAN(MOD(D56,1),TIME(18,30,0),TIME(10,0,0)),TIME(18,30,0))-IF(NETWORKDAYS.INTL(INT(C56),INT(C56),11),MEDIAN(MOD(C56,1),TIME(18,30,0),TIME(10,0,0)),TIME(10,0,0))),4)) -> 0.1502 | K56: {=IF(D56="","No Call",_xlfn.IFS(J56<=0.25,"<=15 min",J56<=0.5,"16-30 min",J56<=1,"31-60 min",TRUE,">60 min"))} -> <=15 min | L56: =_xlfn.XLOOKUP(A56,Lead_Data!A:A,Lead_Data!H:H,0) -> 0
A57: Lead_056 | B57: FILT_B | C57: 46204.454 | D57: 46204.476 | E57: 46205.476 | J57: =IF(D57="","",ROUND(24*MAX(0,(NETWORKDAYS.INTL(INT(C57),INT(D57),11)-1)*(TIME(18,30,0)-TIME(10,0,0))+IF(NETWORKDAYS.INTL(INT(D57),INT(D57),11),MEDIAN(MOD(D57,1),TIME(18,30,0),TIME(10,0,0)),TIME(18,30,0))-IF(NETWORKDAYS.INTL(INT(C57),INT(C57),11),MEDIAN(MOD(C57,1),TIME(18,30,0),TIME(10,0,0)),TIME(10,0,0))),4)) -> 0.5333 | K57: {=IF(D57="","No Call",_xlfn.IFS(J57<=0.25,"<=15 min",J57<=0.5,"16-30 min",J57<=1,"31-60 min",TRUE,">60 min"))} -> 31-60 min | L57: =_xlfn.XLOOKUP(A57,Lead_Data!A:A,Lead_Data!H:H,0) -> 0
A58: Lead_057 | B58: FILT_D | C58: 46196.314 | D58: 46196.43 | E58: 46197.43 | F58: 46196.847 | G58: 46196.93 | H58: 46197.43 | J58: =IF(D58="","",ROUND(24*MAX(0,(NETWORKDAYS.INTL(INT(C58),INT(D58),11)-1)*(TIME(18,30,0)-TIME(10,0,0))+IF(NETWORKDAYS.INTL(INT(D58),INT(D58),11),MEDIAN(MOD(D58,1),TIME(18,30,0),TIME(10,0,0)),TIME(18,30,0))-IF(NETWORKDAYS.INTL(INT(C58),INT(C58),11),MEDIAN(MOD(C58,1),TIME(18,30,0),TIME(10,0,0)),TIME(10,0,0))),4)) -> 0.3167 | K58: {=IF(D58="","No Call",_xlfn.IFS(J58<=0.25,"<=15 min",J58<=0.5,"16-30 min",J58<=1,"31-60 min",TRUE,">60 min"))} -> 16-30 min | L58: =_xlfn.XLOOKUP(A58,Lead_Data!A:A,Lead_Data!H:H,0) -> 1
A59: Lead_058 | B59: FILT_F | C59: 46187.857 | D59: 46188.424 | E59: 46188.591 | F59: 46188.466 | G59: 46189.008 | H59: 46189.466 | J59: =IF(D59="","",ROUND(24*MAX(0,(NETWORKDAYS.INTL(INT(C59),INT(D59),11)-1)*(TIME(18,30,0)-TIME(10,0,0))+IF(NETWORKDAYS.INTL(INT(D59),INT(D59),11),MEDIAN(MOD(D59,1),TIME(18,30,0),TIME(10,0,0)),TIME(18,30,0))-IF(NETWORKDAYS.INTL(INT(C59),INT(C59),11),MEDIAN(MOD(C59,1),TIME(18,30,0),TIME(10,0,0)),TIME(10,0,0))),4)) -> 0.1835 | K59: {=IF(D59="","No Call",_xlfn.IFS(J59<=0.25,"<=15 min",J59<=0.5,"16-30 min",J59<=1,"31-60 min",TRUE,">60 min"))} -> <=15 min | L59: =_xlfn.XLOOKUP(A59,Lead_Data!A:A,Lead_Data!H:H,0) -> 1
A60: Lead_059 | B60: FILT_C | C60: 46195.564 | D60: 46195.574 | E60: 46195.949 | F60: 46195.866 | G60: 46196.366 | J60: =IF(D60="","",ROUND(24*MAX(0,(NETWORKDAYS.INTL(INT(C60),INT(D60),11)-1)*(TIME(18,30,0)-TIME(10,0,0))+IF(NETWORKDAYS.INTL(INT(D60),INT(D60),11),MEDIAN(MOD(D60,1),TIME(18,30,0),TIME(10,0,0)),TIME(18,30,0))-IF(NETWORKDAYS.INTL(INT(C60),INT(C60),11),MEDIAN(MOD(C60,1),TIME(18,30,0),TIME(10,0,0)),TIME(10,0,0))),4)) -> 0.25 | K60: {=IF(D60="","No Call",_xlfn.IFS(J60<=0.25,"<=15 min",J60<=0.5,"16-30 min",J60<=1,"31-60 min",TRUE,">60 min"))} -> <=15 min | L60: =_xlfn.XLOOKUP(A60,Lead_Data!A:A,Lead_Data!H:H,0) -> 0
A61: Lead_060 | B61: FILT_B | C61: 46199.649 | D61: 46199.673 | E61: 46201.257 | J61: =IF(D61="","",ROUND(24*MAX(0,(NETWORKDAYS.INTL(INT(C61),INT(D61),11)-1)*(TIME(18,30,0)-TIME(10,0,0))+IF(NETWORKDAYS.INTL(INT(D61),INT(D61),11),MEDIAN(MOD(D61,1),TIME(18,30,0),TIME(10,0,0)),TIME(18,30,0))-IF(NETWORKDAYS.INTL(INT(C61),INT(C61),11),MEDIAN(MOD(C61,1),TIME(18,30,0),TIME(10,0,0)),TIME(10,0,0))),4)) -> 0.5833 | K61: {=IF(D61="","No Call",_xlfn.IFS(J61<=0.25,"<=15 min",J61<=0.5,"16-30 min",J61<=1,"31-60 min",TRUE,">60 min"))} -> 31-60 min | L61: =_xlfn.XLOOKUP(A61,Lead_Data!A:A,Lead_Data!H:H,0) -> 0
A62: Lead_061 | B62: FILT_G | C62: 46186.238 | D62: 46186.456 | E62: 46186.831 | F62: 46187.081 | G62: 46187.872 | H62: 46189.039 | J62: =IF(D62="","",ROUND(24*MAX(0,(NETWORKDAYS.INTL(INT(C62),INT(D62),11)-1)*(TIME(18,30,0)-TIME(10,0,0))+IF(NETWORKDAYS.INTL(INT(D62),INT(D62),11),MEDIAN(MOD(D62,1),TIME(18,30,0),TIME(10,0,0)),TIME(18,30,0))-IF(NETWORKDAYS.INTL(INT(C62),INT(C62),11),MEDIAN(MOD(C62,1),TIME(18,30,0),TIME(10,0,0)),TIME(10,0,0))),4)) -> 0.9334 | K62: {=IF(D62="","No Call",_xlfn.IFS(J62<=0.25,"<=15 min",J62<=0.5,"16-30 min",J62<=1,"31-60 min",TRUE,">60 min"))} -> 31-60 min | L62: =_xlfn.XLOOKUP(A62,Lead_Data!A:A,Lead_Data!H:H,0) -> 1
A63: Lead_062 | B63: FILT_F | C63: 46206.406 | D63: 46206.431 | E63: 46206.765 | F63: 46207.181 | G63: 46207.598 | J63: =IF(D63="","",ROUND(24*MAX(0,(NETWORKDAYS.INTL(INT(C63),INT(D63),11)-1)*(TIME(18,30,0)-TIME(10,0,0))+IF(NETWORKDAYS.INTL(INT(D63),INT(D63),11),MEDIAN(MOD(D63,1),TIME(18,30,0),TIME(10,0,0)),TIME(18,30,0))-IF(NETWORKDAYS.INTL(INT(C63),INT(C63),11),MEDIAN(MOD(C63,1),TIME(18,30,0),TIME(10,0,0)),TIME(10,0,0))),4)) -> 0.3501 | K63: {=IF(D63="","No Call",_xlfn.IFS(J63<=0.25,"<=15 min",J63<=0.5,"16-30 min",J63<=1,"31-60 min",TRUE,">60 min"))} -> 16-30 min | L63: =_xlfn.XLOOKUP(A63,Lead_Data!A:A,Lead_Data!H:H,0) -> 0
A64: Lead_063 | B64: FILT_A | C64: 46182.439 | D64: 46182.443 | E64: 46183.027 | F64: 46182.818 | G64: 46183.652 | H64: 46185.152 | I64: 46185.693 | J64: =IF(D64="","",ROUND(24*MAX(0,(NETWORKDAYS.INTL(INT(C64),INT(D64),11)-1)*(TIME(18,30,0)-TIME(10,0,0))+IF(NETWORKDAYS.INTL(INT(D64),INT(D64),11),MEDIAN(MOD(D64,1),TIME(18,30,0),TIME(10,0,0)),TIME(18,30,0))-IF(NETWORKDAYS.INTL(INT(C64),INT(C64),11),MEDIAN(MOD(C64,1),TIME(18,30,0),TIME(10,0,0)),TIME(10,0,0))),4)) -> 0.1 | K64: {=IF(D64="","No Call",_xlfn.IFS(J64<=0.25,"<=15 min",J64<=0.5,"16-30 min",J64<=1,"31-60 min",TRUE,">60 min"))} -> <=15 min | L64: =_xlfn.XLOOKUP(A64,Lead_Data!A:A,Lead_Data!H:H,0) -> 1
A65: Lead_064 | B65: FILT_F | C65: 46209.004 | D65: 46209.43 | E65: 46210.138 | F65: 46209.555 | J65: =IF(D65="","",ROUND(24*MAX(0,(NETWORKDAYS.INTL(INT(C65),INT(D65),11)-1)*(TIME(18,30,0)-TIME(10,0,0))+IF(NETWORKDAYS.INTL(INT(D65),INT(D65),11),MEDIAN(MOD(D65,1),TIME(18,30,0),TIME(10,0,0)),TIME(18,30,0))-IF(NETWORKDAYS.INTL(INT(C65),INT(C65),11),MEDIAN(MOD(C65,1),TIME(18,30,0),TIME(10,0,0)),TIME(10,0,0))),4)) -> 0.3168 | K65: {=IF(D65="","No Call",_xlfn.IFS(J65<=0.25,"<=15 min",J65<=0.5,"16-30 min",J65<=1,"31-60 min",TRUE,">60 min"))} -> 16-30 min | L65: =_xlfn.XLOOKUP(A65,Lead_Data!A:A,Lead_Data!H:H,0) -> 0
A66: Lead_065 | B66: FILT_D | C66: 46205.411 | D66: 46205.417 | E66: 46206.292 | F66: 46205.626 | G66: 46206.501 | H66: 46207.501 | J66: =IF(D66="","",ROUND(24*MAX(0,(NETWORKDAYS.INTL(INT(C66),INT(D66),11)-1)*(TIME(18,30,0)-TIME(10,0,0))+IF(NETWORKDAYS.INTL(INT(D66),INT(D66),11),MEDIAN(MOD(D66,1),TIME(18,30,0),TIME(10,0,0)),TIME(18,30,0))-IF(NETWORKDAYS.INTL(INT(C66),INT(C66),11),MEDIAN(MOD(C66,1),TIME(18,30,0),TIME(10,0,0)),TIME(10,0,0))),4)) -> 0.0168 | K66: {=IF(D66="","No Call",_xlfn.IFS(J66<=0.25,"<=15 min",J66<=0.5,"16-30 min",J66<=1,"31-60 min",TRUE,">60 min"))} -> <=15 min | L66: =_xlfn.XLOOKUP(A66,Lead_Data!A:A,Lead_Data!H:H,0) -> 1
A67: Lead_066 | B67: FILT_D | C67: 46199.58 | D67: 46199.594 | E67: 46201.219 | J67: =IF(D67="","",ROUND(24*MAX(0,(NETWORKDAYS.INTL(INT(C67),INT(D67),11)-1)*(TIME(18,30,0)-TIME(10,0,0))+IF(NETWORKDAYS.INTL(INT(D67),INT(D67),11),MEDIAN(MOD(D67,1),TIME(18,30,0),TIME(10,0,0)),TIME(18,30,0))-IF(NETWORKDAYS.INTL(INT(C67),INT(C67),11),MEDIAN(MOD(C67,1),TIME(18,30,0),TIME(10,0,0)),TIME(10,0,0))),4)) -> 0.3333 | K67: {=IF(D67="","No Call",_xlfn.IFS(J67<=0.25,"<=15 min",J67<=0.5,"16-30 min",J67<=1,"31-60 min",TRUE,">60 min"))} -> 16-30 min | L67: =_xlfn.XLOOKUP(A67,Lead_Data!A:A,Lead_Data!H:H,0) -> 0
A68: Lead_067 | B68: FILT_G | C68: 46193.76 | D68: 46195.426 | J68: =IF(D68="","",ROUND(24*MAX(0,(NETWORKDAYS.INTL(INT(C68),INT(D68),11)-1)*(TIME(18,30,0)-TIME(10,0,0))+IF(NETWORKDAYS.INTL(INT(D68),INT(D68),11),MEDIAN(MOD(D68,1),TIME(18,30,0),TIME(10,0,0)),TIME(18,30,0))-IF(NETWORKDAYS.INTL(INT(C68),INT(C68),11),MEDIAN(MOD(C68,1),TIME(18,30,0),TIME(10,0,0)),TIME(10,0,0))),4)) -> 0.4833 | K68: {=IF(D68="","No Call",_xlfn.IFS(J68<=0.25,"<=15 min",J68<=0.5,"16-30 min",J68<=1,"31-60 min",TRUE,">60 min"))} -> 16-30 min | L68: =_xlfn.XLOOKUP(A68,Lead_Data!A:A,Lead_Data!H:H,0) -> 0
A69: Lead_068 | B69: FILT_B | C69: 46197.769 | D69: 46198.442 | E69: 46198.692 | J69: =IF(D69="","",ROUND(24*MAX(0,(NETWORKDAYS.INTL(INT(C69),INT(D69),11)-1)*(TIME(18,30,0)-TIME(10,0,0))+IF(NETWORKDAYS.INTL(INT(D69),INT(D69),11),MEDIAN(MOD(D69,1),TIME(18,30,0),TIME(10,0,0)),TIME(18,30,0))-IF(NETWORKDAYS.INTL(INT(C69),INT(C69),11),MEDIAN(MOD(C69,1),TIME(18,30,0),TIME(10,0,0)),TIME(10,0,0))),4)) -> 0.6667 | K69: {=IF(D69="","No Call",_xlfn.IFS(J69<=0.25,"<=15 min",J69<=0.5,"16-30 min",J69<=1,"31-60 min",TRUE,">60 min"))} -> 31-60 min | L69: =_xlfn.XLOOKUP(A69,Lead_Data!A:A,Lead_Data!H:H,0) -> 0
A70: Lead_069 | B70: FILT_C | C70: 46198.521 | D70: 46198.524 | E70: 46199.066 | J70: =IF(D70="","",ROUND(24*MAX(0,(NETWORKDAYS.INTL(INT(C70),INT(D70),11)-1)*(TIME(18,30,0)-TIME(10,0,0))+IF(NETWORKDAYS.INTL(INT(D70),INT(D70),11),MEDIAN(MOD(D70,1),TIME(18,30,0),TIME(10,0,0)),TIME(18,30,0))-IF(NETWORKDAYS.INTL(INT(C70),INT(C70),11),MEDIAN(MOD(C70,1),TIME(18,30,0),TIME(10,0,0)),TIME(10,0,0))),4)) -> 0.0833 | K70: {=IF(D70="","No Call",_xlfn.IFS(J70<=0.25,"<=15 min",J70<=0.5,"16-30 min",J70<=1,"31-60 min",TRUE,">60 min"))} -> <=15 min | L70: =_xlfn.XLOOKUP(A70,Lead_Data!A:A,Lead_Data!H:H,0) -> 0
A71: Lead_070 | B71: FILT_F | C71: 46199.487 | D71: 46199.49 | J71: =IF(D71="","",ROUND(24*MAX(0,(NETWORKDAYS.INTL(INT(C71),INT(D71),11)-1)*(TIME(18,30,0)-TIME(10,0,0))+IF(NETWORKDAYS.INTL(INT(D71),INT(D71),11),MEDIAN(MOD(D71,1),TIME(18,30,0),TIME(10,0,0)),TIME(18,30,0))-IF(NETWORKDAYS.INTL(INT(C71),INT(C71),11),MEDIAN(MOD(C71,1),TIME(18,30,0),TIME(10,0,0)),TIME(10,0,0))),4)) -> 0.0833 | K71: {=IF(D71="","No Call",_xlfn.IFS(J71<=0.25,"<=15 min",J71<=0.5,"16-30 min",J71<=1,"31-60 min",TRUE,">60 min"))} -> <=15 min | L71: =_xlfn.XLOOKUP(A71,Lead_Data!A:A,Lead_Data!H:H,0) -> 0
A72: Lead_071 | B72: FILT_E | C72: 46196.495 | D72: 46196.521 | J72: =IF(D72="","",ROUND(24*MAX(0,(NETWORKDAYS.INTL(INT(C72),INT(D72),11)-1)*(TIME(18,30,0)-TIME(10,0,0))+IF(NETWORKDAYS.INTL(INT(D72),INT(D72),11),MEDIAN(MOD(D72,1),TIME(18,30,0),TIME(10,0,0)),TIME(18,30,0))-IF(NETWORKDAYS.INTL(INT(C72),INT(C72),11),MEDIAN(MOD(C72,1),TIME(18,30,0),TIME(10,0,0)),TIME(10,0,0))),4)) -> 0.6333 | K72: {=IF(D72="","No Call",_xlfn.IFS(J72<=0.25,"<=15 min",J72<=0.5,"16-30 min",J72<=1,"31-60 min",TRUE,">60 min"))} -> 31-60 min | L72: =_xlfn.XLOOKUP(A72,Lead_Data!A:A,Lead_Data!H:H,0) -> 0
A73: Lead_072 | B73: FILT_E | C73: 46183.601 | D73: 46183.615 | E73: 46185.574 | J73: =IF(D73="","",ROUND(24*MAX(0,(NETWORKDAYS.INTL(INT(C73),INT(D73),11)-1)*(TIME(18,30,0)-TIME(10,0,0))+IF(NETWORKDAYS.INTL(INT(D73),INT(D73),11),MEDIAN(MOD(D73,1),TIME(18,30,0),TIME(10,0,0)),TIME(18,30,0))-IF(NETWORKDAYS.INTL(INT(C73),INT(C73),11),MEDIAN(MOD(C73,1),TIME(18,30,0),TIME(10,0,0)),TIME(10,0,0))),4)) -> 0.35 | K73: {=IF(D73="","No Call",_xlfn.IFS(J73<=0.25,"<=15 min",J73<=0.5,"16-30 min",J73<=1,"31-60 min",TRUE,">60 min"))} -> 16-30 min | L73: =_xlfn.XLOOKUP(A73,Lead_Data!A:A,Lead_Data!H:H,0) -> 0
A74: Lead_073 | B74: FILT_C | C74: 46206.337 | D74: 46206.428 | E74: 46206.761 | J74: =IF(D74="","",ROUND(24*MAX(0,(NETWORKDAYS.INTL(INT(C74),INT(D74),11)-1)*(TIME(18,30,0)-TIME(10,0,0))+IF(NETWORKDAYS.INTL(INT(D74),INT(D74),11),MEDIAN(MOD(D74,1),TIME(18,30,0),TIME(10,0,0)),TIME(18,30,0))-IF(NETWORKDAYS.INTL(INT(C74),INT(C74),11),MEDIAN(MOD(C74,1),TIME(18,30,0),TIME(10,0,0)),TIME(10,0,0))),4)) -> 0.2667 | K74: {=IF(D74="","No Call",_xlfn.IFS(J74<=0.25,"<=15 min",J74<=0.5,"16-30 min",J74<=1,"31-60 min",TRUE,">60 min"))} -> 16-30 min | L74: =_xlfn.XLOOKUP(A74,Lead_Data!A:A,Lead_Data!H:H,0) -> 0
A75: Lead_074 | B75: FILT_D | C75: 46188.723 | D75: 46188.736 | E75: 46189.736 | F75: 46188.819 | G75: 46188.986 | J75: =IF(D75="","",ROUND(24*MAX(0,(NETWORKDAYS.INTL(INT(C75),INT(D75),11)-1)*(TIME(18,30,0)-TIME(10,0,0))+IF(NETWORKDAYS.INTL(INT(D75),INT(D75),11),MEDIAN(MOD(D75,1),TIME(18,30,0),TIME(10,0,0)),TIME(18,30,0))-IF(NETWORKDAYS.INTL(INT(C75),INT(C75),11),MEDIAN(MOD(C75,1),TIME(18,30,0),TIME(10,0,0)),TIME(10,0,0))),4)) -> 0.3 | K75: {=IF(D75="","No Call",_xlfn.IFS(J75<=0.25,"<=15 min",J75<=0.5,"16-30 min",J75<=1,"31-60 min",TRUE,">60 min"))} -> 16-30 min | L75: =_xlfn.XLOOKUP(A75,Lead_Data!A:A,Lead_Data!H:H,0) -> 0
A76: Lead_075 | B76: FILT_D | C76: 46198.579 | D76: 46198.597 | E76: 46199.222 | F76: 46198.722 | J76: =IF(D76="","",ROUND(24*MAX(0,(NETWORKDAYS.INTL(INT(C76),INT(D76),11)-1)*(TIME(18,30,0)-TIME(10,0,0))+IF(NETWORKDAYS.INTL(INT(D76),INT(D76),11),MEDIAN(MOD(D76,1),TIME(18,30,0),TIME(10,0,0)),TIME(18,30,0))-IF(NETWORKDAYS.INTL(INT(C76),INT(C76),11),MEDIAN(MOD(C76,1),TIME(18,30,0),TIME(10,0,0)),TIME(10,0,0))),4)) -> 0.4167 | K76: {=IF(D76="","No Call",_xlfn.IFS(J76<=0.25,"<=15 min",J76<=0.5,"16-30 min",J76<=1,"31-60 min",TRUE,">60 min"))} -> 16-30 min | L76: =_xlfn.XLOOKUP(A76,Lead_Data!A:A,Lead_Data!H:H,0) -> 0
A77: Lead_076 | B77: SALES_D | C77: 46193.543 | D77: 46193.552 | E77: 46193.635 | F77: 46193.593 | G77: 46194.093 | J77: =IF(D77="","",ROUND(24*MAX(0,(NETWORKDAYS.INTL(INT(C77),INT(D77),11)-1)*(TIME(18,30,0)-TIME(10,0,0))+IF(NETWORKDAYS.INTL(INT(D77),INT(D77),11),MEDIAN(MOD(D77,1),TIME(18,30,0),TIME(10,0,0)),TIME(18,30,0))-IF(NETWORKDAYS.INTL(INT(C77),INT(C77),11),MEDIAN(MOD(C77,1),TIME(18,30,0),TIME(10,0,0)),TIME(10,0,0))),4)) -> 0.2167 | K77: {=IF(D77="","No Call",_xlfn.IFS(J77<=0.25,"<=15 min",J77<=0.5,"16-30 min",J77<=1,"31-60 min",TRUE,">60 min"))} -> <=15 min | L77: =_xlfn.XLOOKUP(A77,Lead_Data!A:A,Lead_Data!H:H,0) -> 0
A78: Lead_077 | B78: FILT_G | C78: 46201.776 | D78: 46202.417 | E78: 46203.334 | F78: 46202.876 | G78: 46203.084 | H78: 46204.001 | J78: =IF(D78="","",ROUND(24*MAX(0,(NETWORKDAYS.INTL(INT(C78),INT(D78),11)-1)*(TIME(18,30,0)-TIME(10,0,0))+IF(NETWORKDAYS.INTL(INT(D78),INT(D78),11),MEDIAN(MOD(D78,1),TIME(18,30,0),TIME(10,0,0)),TIME(18,30,0))-IF(NETWORKDAYS.INTL(INT(C78),INT(C78),11),MEDIAN(MOD(C78,1),TIME(18,30,0),TIME(10,0,0)),TIME(10,0,0))),4)) -> 0.0169 | K78: {=IF(D78="","No Call",_xlfn.IFS(J78<=0.25,"<=15 min",J78<=0.5,"16-30 min",J78<=1,"31-60 min",TRUE,">60 min"))} -> <=15 min | L78: =_xlfn.XLOOKUP(A78,Lead_Data!A:A,Lead_Data!H:H,0) -> 1
A79: Lead_078 | B79: SALES_B | C79: 46186.727 | D79: 46186.74 | E79: 46187.24 | F79: 46187.49 | G79: 46188.532 | J79: =IF(D79="","",ROUND(24*MAX(0,(NETWORKDAYS.INTL(INT(C79),INT(D79),11)-1)*(TIME(18,30,0)-TIME(10,0,0))+IF(NETWORKDAYS.INTL(INT(D79),INT(D79),11),MEDIAN(MOD(D79,1),TIME(18,30,0),TIME(10,0,0)),TIME(18,30,0))-IF(NETWORKDAYS.INTL(INT(C79),INT(C79),11),MEDIAN(MOD(C79,1),TIME(18,30,0),TIME(10,0,0)),TIME(10,0,0))),4)) -> 0.3167 | K79: {=IF(D79="","No Call",_xlfn.IFS(J79<=0.25,"<=15 min",J79<=0.5,"16-30 min",J79<=1,"31-60 min",TRUE,">60 min"))} -> 16-30 min | L79: =_xlfn.XLOOKUP(A79,Lead_Data!A:A,Lead_Data!H:H,0) -> 0
A80: Lead_079 | B80: FILT_E | C80: 46183.454 | D80: 46183.47 | E80: 46183.72 | J80: =IF(D80="","",ROUND(24*MAX(0,(NETWORKDAYS.INTL(INT(C80),INT(D80),11)-1)*(TIME(18,30,0)-TIME(10,0,0))+IF(NETWORKDAYS.INTL(INT(D80),INT(D80),11),MEDIAN(MOD(D80,1),TIME(18,30,0),TIME(10,0,0)),TIME(18,30,0))-IF(NETWORKDAYS.INTL(INT(C80),INT(C80),11),MEDIAN(MOD(C80,1),TIME(18,30,0),TIME(10,0,0)),TIME(10,0,0))),4)) -> 0.3833 | K80: {=IF(D80="","No Call",_xlfn.IFS(J80<=0.25,"<=15 min",J80<=0.5,"16-30 min",J80<=1,"31-60 min",TRUE,">60 min"))} -> 16-30 min | L80: =_xlfn.XLOOKUP(A80,Lead_Data!A:A,Lead_Data!H:H,0) -> 0
A81: Lead_080 | B81: FILT_A | C81: 46181.662 | D81: 46181.666 | E81: 46183.624 | J81: =IF(D81="","",ROUND(24*MAX(0,(NETWORKDAYS.INTL(INT(C81),INT(D81),11)-1)*(TIME(18,30,0)-TIME(10,0,0))+IF(NETWORKDAYS.INTL(INT(D81),INT(D81),11),MEDIAN(MOD(D81,1),TIME(18,30,0),TIME(10,0,0)),TIME(18,30,0))-IF(NETWORKDAYS.INTL(INT(C81),INT(C81),11),MEDIAN(MOD(C81,1),TIME(18,30,0),TIME(10,0,0)),TIME(10,0,0))),4)) -> 0.0833 | K81: {=IF(D81="","No Call",_xlfn.IFS(J81<=0.25,"<=15 min",J81<=0.5,"16-30 min",J81<=1,"31-60 min",TRUE,">60 min"))} -> <=15 min | L81: =_xlfn.XLOOKUP(A81,Lead_Data!A:A,Lead_Data!H:H,0) -> 0
A82: Lead_081 | B82: FILT_A | C82: 46208.417 | D82: 46209.418 | E82: 46210.71 | J82: =IF(D82="","",ROUND(24*MAX(0,(NETWORKDAYS.INTL(INT(C82),INT(D82),11)-1)*(TIME(18,30,0)-TIME(10,0,0))+IF(NETWORKDAYS.INTL(INT(D82),INT(D82),11),MEDIAN(MOD(D82,1),TIME(18,30,0),TIME(10,0,0)),TIME(18,30,0))-IF(NETWORKDAYS.INTL(INT(C82),INT(C82),11),MEDIAN(MOD(C82,1),TIME(18,30,0),TIME(10,0,0)),TIME(10,0,0))),4)) -> 0.0335 | K82: {=IF(D82="","No Call",_xlfn.IFS(J82<=0.25,"<=15 min",J82<=0.5,"16-30 min",J82<=1,"31-60 min",TRUE,">60 min"))} -> <=15 min | L82: =_xlfn.XLOOKUP(A82,Lead_Data!A:A,Lead_Data!H:H,0) -> 0
A83: Lead_082 | B83: FILT_E | C83: 46191.594 | D83: 46191.601 | J83: =IF(D83="","",ROUND(24*MAX(0,(NETWORKDAYS.INTL(INT(C83),INT(D83),11)-1)*(TIME(18,30,0)-TIME(10,0,0))+IF(NETWORKDAYS.INTL(INT(D83),INT(D83),11),MEDIAN(MOD(D83,1),TIME(18,30,0),TIME(10,0,0)),TIME(18,30,0))-IF(NETWORKDAYS.INTL(INT(C83),INT(C83),11),MEDIAN(MOD(C83,1),TIME(18,30,0),TIME(10,0,0)),TIME(10,0,0))),4)) -> 0.1667 | K83: {=IF(D83="","No Call",_xlfn.IFS(J83<=0.25,"<=15 min",J83<=0.5,"16-30 min",J83<=1,"31-60 min",TRUE,">60 min"))} -> <=15 min | L83: =_xlfn.XLOOKUP(A83,Lead_Data!A:A,Lead_Data!H:H,0) -> 0
A84: Lead_083 | B84: FILT_E | C84: 46209.524 | D84: 46209.527 | E84: 46210.36 | J84: =IF(D84="","",ROUND(24*MAX(0,(NETWORKDAYS.INTL(INT(C84),INT(D84),11)-1)*(TIME(18,30,0)-TIME(10,0,0))+IF(NETWORKDAYS.INTL(INT(D84),INT(D84),11),MEDIAN(MOD(D84,1),TIME(18,30,0),TIME(10,0,0)),TIME(18,30,0))-IF(NETWORKDAYS.INTL(INT(C84),INT(C84),11),MEDIAN(MOD(C84,1),TIME(18,30,0),TIME(10,0,0)),TIME(10,0,0))),4)) -> 0.0667 | K84: {=IF(D84="","No Call",_xlfn.IFS(J84<=0.25,"<=15 min",J84<=0.5,"16-30 min",J84<=1,"31-60 min",TRUE,">60 min"))} -> <=15 min | L84: =_xlfn.XLOOKUP(A84,Lead_Data!A:A,Lead_Data!H:H,0) -> 0
A85: Lead_084 | B85: FILT_A | C85: 46198.945 | D85: 46199.417 | E85: 46200.209 | F85: 46199.542 | G85: 46200.459 | H85: 46200.751 | J85: =IF(D85="","",ROUND(24*MAX(0,(NETWORKDAYS.INTL(INT(C85),INT(D85),11)-1)*(TIME(18,30,0)-TIME(10,0,0))+IF(NETWORKDAYS.INTL(INT(D85),INT(D85),11),MEDIAN(MOD(D85,1),TIME(18,30,0),TIME(10,0,0)),TIME(18,30,0))-IF(NETWORKDAYS.INTL(INT(C85),INT(C85),11),MEDIAN(MOD(C85,1),TIME(18,30,0),TIME(10,0,0)),TIME(10,0,0))),4)) -> 0.0168 | K85: {=IF(D85="","No Call",_xlfn.IFS(J85<=0.25,"<=15 min",J85<=0.5,"16-30 min",J85<=1,"31-60 min",TRUE,">60 min"))} -> <=15 min | L85: =_xlfn.XLOOKUP(A85,Lead_Data!A:A,Lead_Data!H:H,0) -> 1
A86: Lead_085 | B86: FILT_C | C86: 46187.531 | D86: 46188.424 | E86: 46189.382 | F86: 46188.507 | G86: 46189.424 | H86: 46189.757 | J86: =IF(D86="","",ROUND(24*MAX(0,(NETWORKDAYS.INTL(INT(C86),INT(D86),11)-1)*(TIME(18,30,0)-TIME(10,0,0))+IF(NETWORKDAYS.INTL(INT(D86),INT(D86),11),MEDIAN(MOD(D86,1),TIME(18,30,0),TIME(10,0,0)),TIME(18,30,0))-IF(NETWORKDAYS.INTL(INT(C86),INT(C86),11),MEDIAN(MOD(C86,1),TIME(18,30,0),TIME(10,0,0)),TIME(10,0,0))),4)) -> 0.1669 | K86: {=IF(D86="","No Call",_xlfn.IFS(J86<=0.25,"<=15 min",J86<=0.5,"16-30 min",J86<=1,"31-60 min",TRUE,">60 min"))} -> <=15 min | L86: =_xlfn.XLOOKUP(A86,Lead_Data!A:A,Lead_Data!H:H,0) -> 1
A87: Lead_086 | B87: SALES_A | C87: 46191.64 | D87: 46191.678 | E87: 46191.886 | F87: 46192.178 | G87: 46192.386 | J87: =IF(D87="","",ROUND(24*MAX(0,(NETWORKDAYS.INTL(INT(C87),INT(D87),11)-1)*(TIME(18,30,0)-TIME(10,0,0))+IF(NETWORKDAYS.INTL(INT(D87),INT(D87),11),MEDIAN(MOD(D87,1),TIME(18,30,0),TIME(10,0,0)),TIME(18,30,0))-IF(NETWORKDAYS.INTL(INT(C87),INT(C87),11),MEDIAN(MOD(C87,1),TIME(18,30,0),TIME(10,0,0)),TIME(10,0,0))),4)) -> 0.9167 | K87: {=IF(D87="","No Call",_xlfn.IFS(J87<=0.25,"<=15 min",J87<=0.5,"16-30 min",J87<=1,"31-60 min",TRUE,">60 min"))} -> 31-60 min | L87: =_xlfn.XLOOKUP(A87,Lead_Data!A:A,Lead_Data!H:H,0) -> 0
A88: Lead_087 | B88: OTHER_1 | C88: 46182.609 | D88: 46182.625 | E88: 46183.416 | J88: =IF(D88="","",ROUND(24*MAX(0,(NETWORKDAYS.INTL(INT(C88),INT(D88),11)-1)*(TIME(18,30,0)-TIME(10,0,0))+IF(NETWORKDAYS.INTL(INT(D88),INT(D88),11),MEDIAN(MOD(D88,1),TIME(18,30,0),TIME(10,0,0)),TIME(18,30,0))-IF(NETWORKDAYS.INTL(INT(C88),INT(C88),11),MEDIAN(MOD(C88,1),TIME(18,30,0),TIME(10,0,0)),TIME(10,0,0))),4)) -> 0.3833 | K88: {=IF(D88="","No Call",_xlfn.IFS(J88<=0.25,"<=15 min",J88<=0.5,"16-30 min",J88<=1,"31-60 min",TRUE,">60 min"))} -> 16-30 min | L88: =_xlfn.XLOOKUP(A88,Lead_Data!A:A,Lead_Data!H:H,0) -> 0
A89: Lead_088 | B89: FILT_G | C89: 46205.504 | D89: 46205.522 | J89: =IF(D89="","",ROUND(24*MAX(0,(NETWORKDAYS.INTL(INT(C89),INT(D89),11)-1)*(TIME(18,30,0)-TIME(10,0,0))+IF(NETWORKDAYS.INTL(INT(D89),INT(D89),11),MEDIAN(MOD(D89,1),TIME(18,30,0),TIME(10,0,0)),TIME(18,30,0))-IF(NETWORKDAYS.INTL(INT(C89),INT(C89),11),MEDIAN(MOD(C89,1),TIME(18,30,0),TIME(10,0,0)),TIME(10,0,0))),4)) -> 0.4333 | K89: {=IF(D89="","No Call",_xlfn.IFS(J89<=0.25,"<=15 min",J89<=0.5,"16-30 min",J89<=1,"31-60 min",TRUE,">60 min"))} -> 16-30 min | L89: =_xlfn.XLOOKUP(A89,Lead_Data!A:A,Lead_Data!H:H,0) -> 0
A90: Lead_089 | B90: FILT_E | C90: 46192.477 | D90: 46192.488 | J90: =IF(D90="","",ROUND(24*MAX(0,(NETWORKDAYS.INTL(INT(C90),INT(D90),11)-1)*(TIME(18,30,0)-TIME(10,0,0))+IF(NETWORKDAYS.INTL(INT(D90),INT(D90),11),MEDIAN(MOD(D90,1),TIME(18,30,0),TIME(10,0,0)),TIME(18,30,0))-IF(NETWORKDAYS.INTL(INT(C90),INT(C90),11),MEDIAN(MOD(C90,1),TIME(18,30,0),TIME(10,0,0)),TIME(10,0,0))),4)) -> 0.2833 | K90: {=IF(D90="","No Call",_xlfn.IFS(J90<=0.25,"<=15 min",J90<=0.5,"16-30 min",J90<=1,"31-60 min",TRUE,">60 min"))} -> 16-30 min | L90: =_xlfn.XLOOKUP(A90,Lead_Data!A:A,Lead_Data!H:H,0) -> 0
A91: Lead_090 | B91: FILT_F | C91: 46201.72 | D91: 46202.431 | J91: =IF(D91="","",ROUND(24*MAX(0,(NETWORKDAYS.INTL(INT(C91),INT(D91),11)-1)*(TIME(18,30,0)-TIME(10,0,0))+IF(NETWORKDAYS.INTL(INT(D91),INT(D91),11),MEDIAN(MOD(D91,1),TIME(18,30,0),TIME(10,0,0)),TIME(18,30,0))-IF(NETWORKDAYS.INTL(INT(C91),INT(C91),11),MEDIAN(MOD(C91,1),TIME(18,30,0),TIME(10,0,0)),TIME(10,0,0))),4)) -> 0.3336 | K91: {=IF(D91="","No Call",_xlfn.IFS(J91<=0.25,"<=15 min",J91<=0.5,"16-30 min",J91<=1,"31-60 min",TRUE,">60 min"))} -> 16-30 min | L91: =_xlfn.XLOOKUP(A91,Lead_Data!A:A,Lead_Data!H:H,0) -> 0
A92: Lead_091 | B92: FILT_E | C92: 46196.745 | D92: 46196.762 | J92: =IF(D92="","",ROUND(24*MAX(0,(NETWORKDAYS.INTL(INT(C92),INT(D92),11)-1)*(TIME(18,30,0)-TIME(10,0,0))+IF(NETWORKDAYS.INTL(INT(D92),INT(D92),11),MEDIAN(MOD(D92,1),TIME(18,30,0),TIME(10,0,0)),TIME(18,30,0))-IF(NETWORKDAYS.INTL(INT(C92),INT(C92),11),MEDIAN(MOD(C92,1),TIME(18,30,0),TIME(10,0,0)),TIME(10,0,0))),4)) -> 0.4167 | K92: {=IF(D92="","No Call",_xlfn.IFS(J92<=0.25,"<=15 min",J92<=0.5,"16-30 min",J92<=1,"31-60 min",TRUE,">60 min"))} -> 16-30 min | L92: =_xlfn.XLOOKUP(A92,Lead_Data!A:A,Lead_Data!H:H,0) -> 0
A93: Lead_092 | B93: FILT_B | C93: 46189.494 | D93: 46189.54 | J93: =IF(D93="","",ROUND(24*MAX(0,(NETWORKDAYS.INTL(INT(C93),INT(D93),11)-1)*(TIME(18,30,0)-TIME(10,0,0))+IF(NETWORKDAYS.INTL(INT(D93),INT(D93),11),MEDIAN(MOD(D93,1),TIME(18,30,0),TIME(10,0,0)),TIME(18,30,0))-IF(NETWORKDAYS.INTL(INT(C93),INT(C93),11),MEDIAN(MOD(C93,1),TIME(18,30,0),TIME(10,0,0)),TIME(10,0,0))),4)) -> 1.1167 | K93: {=IF(D93="","No Call",_xlfn.IFS(J93<=0.25,"<=15 min",J93<=0.5,"16-30 min",J93<=1,"31-60 min",TRUE,">60 min"))} -> >60 min | L93: =_xlfn.XLOOKUP(A93,Lead_Data!A:A,Lead_Data!H:H,0) -> 0
A94: Lead_093 | B94: FILT_G | C94: 46183.559 | D94: 46183.606 | J94: =IF(D94="","",ROUND(24*MAX(0,(NETWORKDAYS.INTL(INT(C94),INT(D94),11)-1)*(TIME(18,30,0)-TIME(10,0,0))+IF(NETWORKDAYS.INTL(INT(D94),INT(D94),11),MEDIAN(MOD(D94,1),TIME(18,30,0),TIME(10,0,0)),TIME(18,30,0))-IF(NETWORKDAYS.INTL(INT(C94),INT(C94),11),MEDIAN(MOD(C94,1),TIME(18,30,0),TIME(10,0,0)),TIME(10,0,0))),4)) -> 1.1333 | K94: {=IF(D94="","No Call",_xlfn.IFS(J94<=0.25,"<=15 min",J94<=0.5,"16-30 min",J94<=1,"31-60 min",TRUE,">60 min"))} -> >60 min | L94: =_xlfn.XLOOKUP(A94,Lead_Data!A:A,Lead_Data!H:H,0) -> 0
A95: Lead_094 | B95: FILT_D | C95: 46186.738 | D95: 46186.755 | J95: =IF(D95="","",ROUND(24*MAX(0,(NETWORKDAYS.INTL(INT(C95),INT(D95),11)-1)*(TIME(18,30,0)-TIME(10,0,0))+IF(NETWORKDAYS.INTL(INT(D95),INT(D95),11),MEDIAN(MOD(D95,1),TIME(18,30,0),TIME(10,0,0)),TIME(18,30,0))-IF(NETWORKDAYS.INTL(INT(C95),INT(C95),11),MEDIAN(MOD(C95,1),TIME(18,30,0),TIME(10,0,0)),TIME(10,0,0))),4)) -> 0.4 | K95: {=IF(D95="","No Call",_xlfn.IFS(J95<=0.25,"<=15 min",J95<=0.5,"16-30 min",J95<=1,"31-60 min",TRUE,">60 min"))} -> 16-30 min | L95: =_xlfn.XLOOKUP(A95,Lead_Data!A:A,Lead_Data!H:H,0) -> 0
A96: Lead_095 | B96: FILT_F | C96: 46195.62 | D96: 46195.641 | E96: 46196.932 | J96: =IF(D96="","",ROUND(24*MAX(0,(NETWORKDAYS.INTL(INT(C96),INT(D96),11)-1)*(TIME(18,30,0)-TIME(10,0,0))+IF(NETWORKDAYS.INTL(INT(D96),INT(D96),11),MEDIAN(MOD(D96,1),TIME(18,30,0),TIME(10,0,0)),TIME(18,30,0))-IF(NETWORKDAYS.INTL(INT(C96),INT(C96),11),MEDIAN(MOD(C96,1),TIME(18,30,0),TIME(10,0,0)),TIME(10,0,0))),4)) -> 0.4833 | K96: {=IF(D96="","No Call",_xlfn.IFS(J96<=0.25,"<=15 min",J96<=0.5,"16-30 min",J96<=1,"31-60 min",TRUE,">60 min"))} -> 16-30 min | L96: =_xlfn.XLOOKUP(A96,Lead_Data!A:A,Lead_Data!H:H,0) -> 0
A97: Lead_096 | B97: FILT_C | C97: 46190.856 | D97: 46191.427 | E97: 46191.76 | F97: 46191.552 | G97: 46192.135 | H97: 46193.385 | J97: =IF(D97="","",ROUND(24*MAX(0,(NETWORKDAYS.INTL(INT(C97),INT(D97),11)-1)*(TIME(18,30,0)-TIME(10,0,0))+IF(NETWORKDAYS.INTL(INT(D97),INT(D97),11),MEDIAN(MOD(D97,1),TIME(18,30,0),TIME(10,0,0)),TIME(18,30,0))-IF(NETWORKDAYS.INTL(INT(C97),INT(C97),11),MEDIAN(MOD(C97,1),TIME(18,30,0),TIME(10,0,0)),TIME(10,0,0))),4)) -> 0.2502 | K97: {=IF(D97="","No Call",_xlfn.IFS(J97<=0.25,"<=15 min",J97<=0.5,"16-30 min",J97<=1,"31-60 min",TRUE,">60 min"))} -> 16-30 min | L97: =_xlfn.XLOOKUP(A97,Lead_Data!A:A,Lead_Data!H:H,0) -> 1
A98: Lead_097 | B98: FILT_G | C98: 46185.733 | D98: 46185.743 | E98: 46186.076 | F98: 46186.576 | G98: 46187.368 | J98: =IF(D98="","",ROUND(24*MAX(0,(NETWORKDAYS.INTL(INT(C98),INT(D98),11)-1)*(TIME(18,30,0)-TIME(10,0,0))+IF(NETWORKDAYS.INTL(INT(D98),INT(D98),11),MEDIAN(MOD(D98,1),TIME(18,30,0),TIME(10,0,0)),TIME(18,30,0))-IF(NETWORKDAYS.INTL(INT(C98),INT(C98),11),MEDIAN(MOD(C98,1),TIME(18,30,0),TIME(10,0,0)),TIME(10,0,0))),4)) -> 0.2333 | K98: {=IF(D98="","No Call",_xlfn.IFS(J98<=0.25,"<=15 min",J98<=0.5,"16-30 min",J98<=1,"31-60 min",TRUE,">60 min"))} -> <=15 min | L98: =_xlfn.XLOOKUP(A98,Lead_Data!A:A,Lead_Data!H:H,0) -> 0
A99: Lead_098 | B99: FILT_E | C99: 46205.605 | D99: 46205.61 | E99: 46206.318 | F99: 46205.985 | G99: 46207.068 | H99: 46208.151 | I99: 46209.151 | J99: =IF(D99="","",ROUND(24*MAX(0,(NETWORKDAYS.INTL(INT(C99),INT(D99),11)-1)*(TIME(18,30,0)-TIME(10,0,0))+IF(NETWORKDAYS.INTL(INT(D99),INT(D99),11),MEDIAN(MOD(D99,1),TIME(18,30,0),TIME(10,0,0)),TIME(18,30,0))-IF(NETWORKDAYS.INTL(INT(C99),INT(C99),11),MEDIAN(MOD(C99,1),TIME(18,30,0),TIME(10,0,0)),TIME(10,0,0))),4)) -> 0.1167 | K99: {=IF(D99="","No Call",_xlfn.IFS(J99<=0.25,"<=15 min",J99<=0.5,"16-30 min",J99<=1,"31-60 min",TRUE,">60 min"))} -> <=15 min | L99: =_xlfn.XLOOKUP(A99,Lead_Data!A:A,Lead_Data!H:H,0) -> 1
A100: Lead_099 | B100: FILT_B | C100: 46207.623 | D100: 46207.643 | E100: 46208.143 | F100: 46208.393 | G100: 46208.559 | H100: 46209.309 | I100: 46209.726 | J100: =IF(D100="","",ROUND(24*MAX(0,(NETWORKDAYS.INTL(INT(C100),INT(D100),11)-1)*(TIME(18,30,0)-TIME(10,0,0))+IF(NETWORKDAYS.INTL(INT(D100),INT(D100),11),MEDIAN(MOD(D100,1),TIME(18,30,0),TIME(10,0,0)),TIME(18,30,0))-IF(NETWORKDAYS.INTL(INT(C100),INT(C100),11),MEDIAN(MOD(C100,1),TIME(18,30,0),TIME(10,0,0)),TIME(10,0,0))),4)) -> 0.4833 | K100: {=IF(D100="","No Call",_xlfn.IFS(J100<=0.25,"<=15 min",J100<=0.5,"16-30 min",J100<=1,"31-60 min",TRUE,">60 min"))} -> 16-30 min | L100: =_xlfn.XLOOKUP(A100,Lead_Data!A:A,Lead_Data!H:H,0) -> 1
...

Sheet Call_Log
A1: Start Time | B1: Agent | C1: Call Type | D1: Duration (seconds) | E1: Disposition | F1: Call Time Slot | G1: Connected Flag
A2: 46203.378 | B2: FILT_G | C2: OUTBOUND | D2: 202 | E2: ANSWER | F2: =IF(MOD(A2,1)<TIME(12,0,0),"Before 12:00",IF(MOD(A2,1)<TIME(15,0,0),"12:00-15:00",IF(MOD(A2,1)<TIME(18,0,0),"15:00-18:00","After 18:00"))) -> Before 12:00 | G2: =--(E2="ANSWER") -> 1
A3: 46204.031 | B3: FILT_E | C3: OUTBOUND | D3: 14 | E3: BUSY | F3: =IF(MOD(A3,1)<TIME(12,0,0),"Before 12:00",IF(MOD(A3,1)<TIME(15,0,0),"12:00-15:00",IF(MOD(A3,1)<TIME(18,0,0),"15:00-18:00","After 18:00"))) -> Before 12:00 | G3: =--(E3="ANSWER") -> 0
A4: 46204.153 | B4: FILT_B | C4: OUTBOUND | D4: 0 | E4: FAILED | F4: =IF(MOD(A4,1)<TIME(12,0,0),"Before 12:00",IF(MOD(A4,1)<TIME(15,0,0),"12:00-15:00",IF(MOD(A4,1)<TIME(18,0,0),"15:00-18:00","After 18:00"))) -> Before 12:00 | G4: =--(E4="ANSWER") -> 0
A5: 46204.18 | B5: FILT_A | C5: OUTBOUND | D5: 2 | E5: FAILED | F5: =IF(MOD(A5,1)<TIME(12,0,0),"Before 12:00",IF(MOD(A5,1)<TIME(15,0,0),"12:00-15:00",IF(MOD(A5,1)<TIME(18,0,0),"15:00-18:00","After 18:00"))) -> Before 12:00 | G5: =--(E5="ANSWER") -> 0
A6: 46204.356 | B6: SALES_C | C6: OUTBOUND | D6: 208 | E6: ANSWER | F6: =IF(MOD(A6,1)<TIME(12,0,0),"Before 12:00",IF(MOD(A6,1)<TIME(15,0,0),"12:00-15:00",IF(MOD(A6,1)<TIME(18,0,0),"15:00-18:00","After 18:00"))) -> Before 12:00 | G6: =--(E6="ANSWER") -> 1
A7: 46204.447 | B7: FILT_D | C7: INBOUND | D7: 133 | E7: ANSWER | F7: =IF(MOD(A7,1)<TIME(12,0,0),"Before 12:00",IF(MOD(A7,1)<TIME(15,0,0),"12:00-15:00",IF(MOD(A7,1)<TIME(18,0,0),"15:00-18:00","After 18:00"))) -> Before 12:00 | G7: =--(E7="ANSWER") -> 1
A8: 46204.45 | B8: FILT_B | C8: OUTBOUND | D8: 9 | E8: NOANSWER | F8: =IF(MOD(A8,1)<TIME(12,0,0),"Before 12:00",IF(MOD(A8,1)<TIME(15,0,0),"12:00-15:00",IF(MOD(A8,1)<TIME(18,0,0),"15:00-18:00","After 18:00"))) -> Before 12:00 | G8: =--(E8="ANSWER") -> 0
A9: 46204.488 | B9: FILT_C | C9: INBOUND | D9: 14 | E9: BUSY | F9: =IF(MOD(A9,1)<TIME(12,0,0),"Before 12:00",IF(MOD(A9,1)<TIME(15,0,0),"12:00-15:00",IF(MOD(A9,1)<TIME(18,0,0),"15:00-18:00","After 18:00"))) -> Before 12:00 | G9: =--(E9="ANSWER") -> 0
A10: 46205.243 | B10: FILT_C | C10: OUTBOUND | D10: 8 | E10: NOANSWER | F10: =IF(MOD(A10,1)<TIME(12,0,0),"Before 12:00",IF(MOD(A10,1)<TIME(15,0,0),"12:00-15:00",IF(MOD(A10,1)<TIME(18,0,0),"15:00-18:00","After 18:00"))) -> Before 12:00 | G10: =--(E10="ANSWER") -> 0
A11: 46205.417 | B11: FILT_A | C11: INBOUND | D11: 21 | E11: NOANSWER | F11: =IF(MOD(A11,1)<TIME(12,0,0),"Before 12:00",IF(MOD(A11,1)<TIME(15,0,0),"12:00-15:00",IF(MOD(A11,1)<TIME(18,0,0),"15:00-18:00","After 18:00"))) -> Before 12:00 | G11: =--(E11="ANSWER") -> 0
A12: 46205.419 | B12: SALES_B | C12: INBOUND | D12: 4 | E12: FAILED | F12: =IF(MOD(A12,1)<TIME(12,0,0),"Before 12:00",IF(MOD(A12,1)<TIME(15,0,0),"12:00-15:00",IF(MOD(A12,1)<TIME(18,0,0),"15:00-18:00","After 18:00"))) -> Before 12:00 | G12: =--(E12="ANSWER") -> 0
A13: 46205.425 | B13: FILT_D | C13: OUTBOUND | D13: 99 | E13: ANSWER | F13: =IF(MOD(A13,1)<TIME(12,0,0),"Before 12:00",IF(MOD(A13,1)<TIME(15,0,0),"12:00-15:00",IF(MOD(A13,1)<TIME(18,0,0),"15:00-18:00","After 18:00"))) -> Before 12:00 | G13: =--(E13="ANSWER") -> 1
... A101: 46210.964 | B101: SALES_E | C101: OUTBOUND | D101: 22 | E101: NOANSWER | F101: =IF(MOD(A101,1)<TIME(12,0,0),"Before 12:00",IF(MOD(A101,1)<TIME(15,0,0),"12:00-15:00",IF(MOD(A101,1)<TIME(18,0,0),"15:00-18:00","After 18:00"))) -> After 18:00 | G101: =--(E101="ANSWER") -> 0

Sheet ReadMe
A1: Item | B1: Definition / Approach
A2: Analysis window | B2: Lead_Data contains 100 leads created in the last 30 days; Call_Log contains 100 calls from the last 7 days.
A3: Conversion | B3: First Shipment Booked Date is populated OR Contact Stage is Verified / Service Done.
A4: Working-hour TAT | B4: Monday-Saturday, 10:00-18:30; Sundays excluded. Calculated from Created On to First Phone Call.
A5: Funnel interpretation | B5: Contact Stage is a current-state distribution, not a strict sequential event funnel. The largest current blockage is therefore identified by the stage with the most leads.
A6: Agent caveat | B6: Current Owner cannot be used for a fair individual conversion ranking because 15 of 16 converted leads are still assigned to Filteration owners.
A7: Sample caveat | B7: Findings are directional: 100 leads and 7 days of call logs. Validate actions on the next cohort before permanent budget changes.

Sheet Task-1 Funnel
A1: Task 1 - Funnel Drop-off
A4: Column1 | B4: Lead Count | C4: % of Leads
A5: Not Connected | B5: 16 | C5: =B5/COUNTA(Lead_Data!$A$2:$A$101) -> 0.16
A6: Verified | B6: 13 | C6: =B6/COUNTA(Lead_Data!$A$2:$A$101) -> 0.13
A7: Junk | B7: 8 | C7: =B7/COUNTA(Lead_Data!$A$2:$A$101) -> 0.08
A8: Not Interested | B8: 7 | C8: =B8/COUNTA(Lead_Data!$A$2:$A$101) -> 0.07
A9: Follow-up in Future | B9: 7 | C9: =B9/COUNTA(Lead_Data!$A$2:$A$101) -> 0.07
A10: Not Eligible Yet | B10: 7 | C10: =B10/COUNTA(Lead_Data!$A$2:$A$101) -> 0.07
A11: Call Back | B11: 6 | C11: =B11/COUNTA(Lead_Data!$A$2:$A$101) -> 0.06
A12: Uncontactable | B12: 5 | C12: =B12/COUNTA(Lead_Data!$A$2:$A$101) -> 0.05
A13: Follow Up | B13: 5 | C13: =B13/COUNTA(Lead_Data!$A$2:$A$101) -> 0.05
A14: Verification Pending | B14: 4 | C14: =B14/COUNTA(Lead_Data!$A$2:$A$101) -> 0.04
A15: New Lead | B15: 4 | C15: =B15/COUNTA(Lead_Data!$A$2:$A$101) -> 0.04
A16: Offer Pitched | B16: 4 | C16: =B16/COUNTA(Lead_Data!$A$2:$A$101) -> 0.04
... A21: Interested | B21: 2 | C21: =B21/COUNTA(Lead_Data!$A$2:$A$101) -> 0.02
A23: Key Finding | B23: Value | C23: Interpretation
A24: Biggest current blockage | B24: Not Connected | C24: 16 Leads (16%) are stuck here, highest of any atage.
A25: Likely driver | B25: Contactability | C25: Another 5 leads are uncontactable, taking contactibility related blockage by 21%.
A26: Opinion | B26: Current-state funnel | C26: Stage counts show where leads sit now, they do not prove exact sequential drop-off without full stage-history events.

Sheet Task-2 Segmentation
A1: Task 2 - Segmentation Analysis
A4: A. Marketing Performance by Lead Source | F4: C. Call Connectivity Analysis
A5: Lead Source | B5: Tota Leads | C5: Converted Leads | D5: Conversion rate | F5: Row Labels | G5: Calls | H5: Share
A6: Organic | B6: 41 | C6: 12 | D6: 0.29268293 | F6: ANSWER | G6: =COUNTIF(Call_Log!$E$2:$E$101,F6) -> 60 | H6: =G6/COUNTA(Call_Log!$E$2:$E$101) -> 0.6
A7: App | B7: 12 | C7: 2 | D7: 0.16666667 | F7: BUSY | G7: =COUNTIF(Call_Log!$E$2:$E$101,F7) -> 10 | H7: =G7/COUNTA(Call_Log!$E$2:$E$101) -> 0.1
A8: Google Paid | B8: 30 | C8: 2 | D8: 0.066666667 | F8: CANCEL | G8: =COUNTIF(Call_Log!$E$2:$E$101,F8) -> 3 | H8: =G8/COUNTA(Call_Log!$E$2:$E$101) -> 0.03
A9: Meta | B9: 12 | C9: 0 | D9: 0 | F9: FAILED | G9: =COUNTIF(Call_Log!$E$2:$E$101,F9) -> 4 | H9: =G9/COUNTA(Call_Log!$E$2:$E$101) -> 0.04
A10: Facebook | B10: 5 | C10: 0 | D10: 0 | F10: NOANSWER | G10: =COUNTIF(Call_Log!$E$2:$E$101,F10) -> 23 | H10: =G10/COUNTA(Call_Log!$E$2:$E$101) -> 0.23
A12: Insight | F12: Metric | G12: Value | H12: Interpretation
A13: Organic is the top-performing source, generating 12 conversions from 41 leads (29.3%). Meta and Facebook generated 17 leads with zero conversions, while Google Paid converted only 6.7%, suggesting a need to review paid campaign targeting and lead quality. | F13: Failed to connect | G13: =1-H6 -> 0.4 | H13: NOANSWER + BUSY + FAILED + CANCEL
F15: Insight: 40% of call attempts failed to connect, mainly due to no-answer cases (24%). The team should optimise calling schedules and follow-up attempts to improve lead reachability.
A16: B. Merchant Size vs Conversion
A17: Monthly Order Volume | B17: Leads | C17: Conversion rate
A18: Just starting out | B18: 28 | C18: =SUMIF(Lead_Data!$G$2:$G$101,'Task-2 Segmentation'!A18,Lead_Data!$H$2:$H$101)/B18 -> 0.10714286
A19: 1-100 | B19: 28 | C19: =SUMIF(Lead_Data!$G$2:$G$101,'Task-2 Segmentation'!A19,Lead_Data!$H$2:$H$101)/B19 -> 0.14285714
A20: 100-300 | B20: 23 | C20: =SUMIF(Lead_Data!$G$2:$G$101,'Task-2 Segmentation'!A20,Lead_Data!$H$2:$H$101)/B20 -> 0.17391304
A21: 500+ | B21: 11 | C21: =SUMIF(Lead_Data!$G$2:$G$101,'Task-2 Segmentation'!A21,Lead_Data!$H$2:$H$101)/B21 -> 0.27272727
A22: 300-500 | B22: 10 | C22: =SUMIF(Lead_Data!$G$2:$G$101,'Task-2 Segmentation'!A22,Lead_Data!$H$2:$H$101)/B22 -> 0.2
A24: Insight
A25: Yes, there is a positive correlation. Conversion rises steadily with merchant size, from 10.7% for 'Just starting out' to 27.3% for 500+. Prioritise 300+ volume leads, while preserving enough coverage for the larger 100-300 lead pool.

Sheet Additional Insights
A1: Task 3 - Additional Insights
A4: Insight 1 - Speed to Lead | F4: Diagnostic - Connection Rate by Call Time
A5: First Response Bucket | B5: Leads | C5: Converted | D5: Conversion Rate | F5: Row Labels | G5: Count of Disposition | H5: Sum of Connected Flag | I5: Answer Rate
A6: <=15 min | B6: 44 | C6: 10 | D6: 0.22727273 | F6: Before 12:00 | G6: 30 | H6: 15 | I6: =H6/G6 -> 0.5
A7: 16-30 min | B7: 34 | C7: 4 | D7: 0.11764706 | F7: 12:00-15:00 | G7: 32 | H7: 27 | I7: =H7/G7 -> 0.84375
A8: 31-60 min | B8: 17 | C8: 2 | D8: 0.11764706 | F8: 15:00-18:00 | G8: 21 | H8: 11 | I8: =H8/G8 -> 0.52380952
A9: >60 min | B9: 4 | C9: 0 | D9: 0 | F9: After 18:00 | G9: 17 | H9: 7 | I9: =H9/G9 -> 0.41176471
A10: No Call | B10: 1 | C10: 0 | D10: 0
A12: Analysed: Leads contacted within 15 minutes converted at 22.7% (10/44), compared with 9.5% (2/21) for leads contacted after 30 minutes. This indicates that improving first-response speed could directly improve conversion rates. | F12: 12:00-15:00 has the strongest observed answer rate at 84.4% (27/32). Use this window for priority retries, then validate over a larger sample.
A16: Insight 2 - Handoff / Ownership Control
A17: Owner Team | B17: Converted Leads | C17: Conversion rate
A18: Filteration | B18: 15 | C18: =B18/SUM($B$18:$B$20) -> 0.9375
A19: Sales | B19: 1 | C19: =B19/SUM($B$18:$B$20) -> 0.0625
A20: Other / historical | B20: 0 | C20: =B20/SUM($B$18:$B$20) -> 0
A22: Metric | B22: Count | C22: Rate | D22: Operational Meaning
A23: Converted Leads | B23: =SUM(Lead_Data!$H$2:$H$101) -> 16 | C23: =B23/$B$23 -> 1 | D23: All leads meeting the stated conversion definition
A24: Converted leads owned by Sales | B24: =COUNTIFS(Lead_Data!$H$2:$H$101,1,Lead_Data!$I$2:$I$101,"Sales") -> 1 | C24: =B24/$B$23 -> 0.0625 | D24: Handoff appears completed
A25: Converted leads not owned by Sales | B25: =COUNTIFS(Lead_Data!$H$2:$H$101,1,Lead_Data!$I$2:$I$101,"<>Sales") -> 15 | C25: =B25/$B$23 -> 0.9375 | D25: Handoff missed or Owner field not updated
A27: Analysed: 93.8% of converted leads are still assigned to Filteration owners, indicating a potential gap in Sales handoff tracking or CRM ownership updates.

Sheet Executive Summary
A1: 30-Day Lead Funnel & Efficiency Summary
A4: Total Leads | D4: Conversions | G4: Conversion rate | J4: Failed Connection Rate
A5: =COUNTA(Lead_Data!A2:A101) -> 100 | D5: =SUM(Lead_Data!H2:H101) -> 16 | G5: =D5/A5 -> 0.16 | J5: ='Task-2 Segmentation'!G13 -> 0.4
A9: Key Findings
A10: 1 | B10: Funnel Blockage | C10: Not Connected is the largest pipeline blockage with 16 leads. Including Uncontactable leads, 21 leads have a contactability issue, indicating a need to improve lead reachability.
A11: 2 | B11: Marketing Efficiency | C11: Organic converts at 29.3% (12/41). Meta + Facebook deliver 0/17, while Google Paid converts 2/30 (6.7%).
A12: 3 | B12: Merchant Quality | C12: Conversion increases with merchant size, reaching 27.3% for 500+ and 20.0% for 300-500.
A13: 4 | B13: Speed to Lead | C13: Leads contacted within 15 minutes convert at 22.7%, more than double the 9.5% conversion rate observed after 30 minutes.
A14: 5 | B14: Process Control | C14: 15 of 16 converted leads remain outside Sales ownership, indicating a potential handoff tracking or CRM ownership update issue.
A17: Prioritised Actions for Next Week
A18: Priority | B18: Action | C18: Owner / Due | D18: Success Measure | G18: Owner | J18: Success Measure
A19: 1 | B19: Audit and reassign the 15 converted Filteration-owned leads, activate stage-based routing and a daily ownership exception report. | C19: Sales Ops | Tuesday | D19: 100% of Verified / Service Done leads owned by Sales | G19: Sales Ops | J19: 100% of Verified / Service Done leads owned by Sales
A20: 2 | B20: Test 12:00-15:00 as a priority retry window based on the observed 84.4% answer rate. | C20: Filteration Lead | Wednesday | D20: >=90% of new leads called within 15 minutes; non-connect below 35% | G20: Filteration Lead | J20: >=90% of new leads called within 15 minutes; non-connect below 35%
A21: 3 | B21: Review paid targeting and lead quality: analyse Meta/Facebook audience quality, optimise Google Paid campaigns, and prioritise 300+ volume leads. | C21: Marketing + Sales | Friday | D21: Paid conversion above 10% in the next controlled cohort | G21: Marketing + Sales | J21: Paid conversion above 10% in the next controlled cohort
